start	end	text
0	5000	然後主持人主持人就會變成一個場景
7000	10000	然後這個單位的話會比較簡單
10000	13000	就是我剛剛就有信同的
13000	15000	在打單的時候需要選擇單位
15000	17000	所以就說這個這個我也不信
18000	21000	對 如果你有信的單位
21000	23000	你要自己的話給自己信證
23000	24000	對 這是自己信證
24000	26000	對 這是自己信證的
26000	29000	對 這是一個模組裡面所有的信證
30000	32000	那之後就是在設定群證
32000	34000	如果有群證問題的話
34000	36000	就是在修改這樣子
38000	40000	然後就是我主持人就是
40000	41000	所有製藥的編頭
41000	42000	都在這邊
44000	46000	然後再來是銷貨
46000	48000	銷貨作業的話
48000	49000	那第一個專案你
49000	52000	只要單位開一個專案
53000	54000	這邊專案呢
54000	58000	我拿四裏面做舉例
58000	59000	因為我剛剛特度場
59000	61000	我有做一個特度場跟這邊
61000	63000	如果你有錢吃掉的話
63000	65000	這邊就給節省就好了
66000	68000	然後也抓了名車
68000	70000	然後是拿著專案
71000	72000	然後回去去看
72000	74000	對 這是自己的一個專案
74000	75000	然後呢
75000	77000	所以專案名稱建立這個主持人
77000	78000	這邊建立
78000	79000	對 這個也是你也抓的名車
79000	80000	你看看
80000	82000	一般來講這個應該是
82000	84000	業運報價的床才建立到
84000	85000	對
87000	88000	所以這邊沒有人知道
89000	90000	這個我有人知道
90000	91000	還是
92000	95000	他還不覺得他怎麼會這樣
95000	97000	然後這是專案
98000	99000	銷貨
99000	102000	就是這個專案不要
102000	104000	專案對
104000	106000	對 八十回事
106000	107000	不會再懂他
107000	109000	但是他這個都沒有專案
109000	111000	就是談到一半沒有專案
111000	112000	就是不要
112000	114000	還是他是很停掉
114000	115000	就停掉
115000	116000	先停掉
116000	117000	然後再開始的話
117000	118000	可以再開
118000	119000	可以再開
119000	120000	對
123000	124000	好 然後
125000	127000	那個剛開始
127000	129000	我們要開那個高價
129000	130000	那他是什麼
130000	132000	這一塊開起來
132000	134000	然後可以從建立新的
134000	136000	或是你之前有救的
136000	138000	可以直接進來
138000	140000	然後這邊就是
140000	142000	這邊就到高價了
143000	145000	然後你的
145000	146000	那個
146000	147000	隔離
148000	149000	好
150000	154000	他
154000	155000	真是
155000	156000	真的
157000	158000	怎麼了
158000	160000	是
160000	162000	一個學 always
163000	165000	變成一個尖爆
165000	167000	然後我覺得
168000	170000	又了
200000	204600	我幫聯絡人與公聖是帶進來的
204600	206660	也不能自己帶
206660	207760	你可以帶
207760	209460	自己帶進來的
209460	211360	不行
211360	212360	一定要
212360	215000	因為社會應該是我都不記憶
215000	217760	那有公聖的員工
217760	220760	那他少年多人都站好
220760	221760	他不是
221760	222600	不是
222600	225160	因為我約到的包含家座場是
225160	227400	然後公聖的業務方向
227400	229960	然後我就會提到他們的名字
229960	233960	所以這有機會是自信單床
233960	236160	因為我們聯絡人都要面對倉
236160	237520	比如說他是幫他們很大
237520	239200	那我到員工檢查的時期
239200	240640	甚至就要預期倉力
240640	243240	因為他們是一本社會合作
246240	247640	這應該是可以
247640	250440	他們就有機會的聖大聖大聖大
250440	251820	除非我還要把他們的倉
252820	256340	因為不是
256340	258500	不是他有公聖也把這個息
258500	261660	用到機會可能是
261660	263860	不知道是一年後
263860	266860	因為或者是
266860	268460	或者是他是等於在
268460	270980	剛剛那個用部門主別
270980	272340	一邊的另外一個部門
272340	273180	對
273180	274340	他可能是練習這樣
274340	275700	不會把他建成這樣
275700	276700	不覺得
276700	277500	這樣啊
277500	279100	那這樣他還是會建成這樣
279100	281500	不然就說我幫他建
281500	282680	那我不要幫他接著
282680	283300	你發現呢
283300	284300	現在出煤了
284300	285500	對不 scientific
285500	286800	最好的實際上也是
291280	293420	做加薪菌有些重要的
293420	294380	好
294380	295380	然後這邊還有一個
295380	296540	是你的客戶
296540	298540	給透資料
298540	299540	給下意
299540	300540	剛才有常常說
300540	301480	很多人說明
301480	304020	你是今天拿些資源的人
304020	304980	你就可以選答
304980	306320	啦erei的就要輪香
306320	307580	然後他說
307580	308920	他後面的ığ電話
308920	314420	那如果他沒有一派想建立的這個東西的話
314420	315920	他裡面頭的
315920	321420	那他是可以自己打還是說他一定要先從原頭那邊開始建立起
321420	323920	他會建立從原頭建立起
323920	324920	比較
324920	325920	你為什麼吃掉了?
325920	326920	吃掉了
327920	338920	這邊就是抱家人是一般抱家人是在打的一些紙箱包在那邊打
338920	341920	然後這邊是新增新增還價
341920	347920	然後這邊是那個管家10%的
347920	350920	然後這邊就是冤析
350920	352920	就是可以抽一道的他
352920	353920	對
353920	354920	喊在裡面
354920	356920	對早上是新增
356920	357920	有
357920	359920	沒有我
359920	362920	我看這邊就有這種
362920	363920	有,他在那邊
363920	364920	有
364920	365920	好
365920	367920	是現在用不止的
367920	368920	對
368920	372920	然後這邊有印象是有印象的他去
372920	374920	對,然後這邊就是印象
374920	376920	到時候趕快不好意思
376920	377920	對,約結幾天
377920	378920	對
378920	380920	你約結是有一個選擇
380920	382920	沒有,那是約後
382920	384920	然後要進球協議
384920	386920	定金將經驗說
386920	389920	這一個選擇是全部都30天
389920	390920	沒有,他會這樣
390920	391920	沒有,就是可以寫長
391920	392920	這邊寫的
392920	393920	對,可以
393920	394920	然後下面還有
394920	395920	這邊還有
398920	401920	好,然後你這三個打的紙箱
401920	402920	就是這邊是審單
402920	404920	對,很多
404920	405920	這邊是審單
405920	406920	他才會把
406920	407920	審單
407920	408920	他才會把
408920	409920	審單
409920	410920	就是
410920	411920	才會把審單
411920	412920	審單
412920	413920	如果你這時候
413920	414920	就該打暗場
414920	416920	他是沒有審單
416920	417920	所以現在審單
417920	418920	對
418920	419920	然後你出手完之後
419920	420920	確定OK
420920	421920	那是審單
421920	422920	那時候審單
422920	423920	他審單
423920	424920	審單
424920	425920	審單
425920	426920	審單
426920	427920	審單
427920	428920	他審單
428920	429920	他審單
429920	430920	然後不能改
430920	431920	對
431920	432920	他
432920	433920	也不會要改出來
433920	435920	再重新進一個單
435920	436920	對
436920	437920	反正是
437920	438920	那你有後面
438920	439920	後面
439920	440920	在原理上嗎
440920	441920	對啊
441920	442920	後面那個時候
442920	443920	對
443920	444920	對
444920	445920	這樣
445920	446920	對
446920	447920	還有方法
447920	448920	是
448920	449920	比較不太好
449920	450920	是要固定
450920	451920	對
451920	452920	是要固定
452920	453920	是要固定
453920	454920	這邊自己
454920	455920	是要固定
455920	456920	確定
456920	457920	重厚的嗎
457920	458920	對
458920	459920	但是
459920	460920	我想說
460920	461920	反正這個
461920	462920	就是審單
462920	463920	正常是這樣
463920	464920	對
464920	465920	審單
465920	467920	自己
467920	468920	然後就是
469920	471920	自己
471920	473920	你用雙方手
473920	474920	不要
474920	475920	不要
475920	477920	不要
477920	478920	不要
478920	480920	你頭
480920	481920	再重
481920	482920	再重
482920	483920	大家到手
483920	484920	哪
484920	486400	要四
486400	488160	五
488160	489920	四
489920	491160	我跟
491160	491920	我覺得
491920	492120	大家
492120	492920	應該
492920	493920	也會
493920	494920	相辭的護iał
494920	502920	那我不如指導你這個關於主管業務的管理者
502920	504920	業務之類的快樂
504920	506920	這就是全世界的改革在裡面
506920	509920	那這不僅是我們建議啦
509920	511920	大家都不知道
511920	513920	曾經拿著一些來拿的經驗
513920	515920	他發起了這個
515920	516920	這三分分
516920	517920	對
517920	518920	跟我們說
518920	520920	跟我們這個部分一樣
520920	521920	因爽的一樣
521920	523920	瞎默這個東西
523920	524920	因爽不用嗎
524920	527920	因爽聲音因為有瞎默才有變鬆
527920	528920	他跟妳說
528920	530920	製工品是拍手單嗎
530920	531920	什麼
531920	533920	妳說不要
533920	535920	我跟妳講
535920	536920	我跟妳講
536920	537920	我跟妳講
537920	538920	我跟妳講
538920	539920	我跟妳講
539920	540920	我跟妳講
540920	541920	妳講
541920	542920	我跟妳講
542920	543920	我跟妳講
543920	544920	我跟妳講
544920	545920	我跟妳講
545920	546920	我跟妳講
546920	547920	我跟妳講
547920	548920	我跟妳講
548920	549920	我跟妳講
549920	550920	我跟妳講
550920	552920	我跟妳講
552920	554920	我跟妳講
554920	556920	我跟妳講
556920	557920	妳講
557920	558920	我跟妳講
558920	560920	我跟妳講
560920	561920	我跟妳講
561920	562920	我跟妳講
562920	563920	我跟妳講
563920	564920	我跟妳講
564920	565920	天氣
565920	566920	所以
566920	567920	妳講
567920	568920	講
570920	571920	妳講
571920	573920	妳講
573920	577920	rape
577920	581620	想來講應該是練座單的一定要知道內容
581620	582260	要啦
582260	583920	因為你們是做得人
583920	584880	就是有過減股
584880	586180	我們是做座座
586180	586960	我們是高層
586960	588320	他一直持育的時候減股
588320	589120	對不對
589120	592120	所以你們的信息是直接帶過去的
592120	593800	這邊可以帶過去
593800	595080	這邊可以帶過去
595080	597320	那你可以直接帶過去嗎
597320	598020	好 別人
598020	598620	好
598620	600020	那
600020	601560	但是我覺得練座
601560	602520	你當中
602520	604120	就是跟我們的肩股
604120	606420	肥育就別人不講一下
606420	606920	好
606920	609920	因為他如果我們報價有關係
609920	611920	他會帶到因素
611920	612920	好
612920	613920	那肯定
613920	614920	肯定
614920	615920	肯定
615920	616920	他會不會知道
616920	617920	他會知道
617920	618920	他會知道
618920	619920	他是生氣
619920	620920	他是生氣
620920	621920	他就是生氣
621920	622920	他就是生氣
622920	623920	採購單
623920	625920	採購單
625920	626920	採購單
626920	627920	採購單
627920	628920	採購單
628920	629920	採購單
629920	630920	採購單
630920	631920	採購單
631920	632920	採購單
632920	633920	採購單
633920	635920	採購單
636920	637920	物料是他
637920	638920	文物主人
638920	639920	有的物料
639920	640920	發現好之後
640920	641920	然後
641920	642920	或者是他到這個
642920	643920	銷單
643920	644920	報價單
644920	645920	OK
645920	646920	讓他報仰
646920	648920	然後他真的沒看
648920	649920	對
649920	650920	所以
650920	653920	所以他們是要在哪裡拍的
653920	654920	在那個
654920	655920	目標
655920	656920	目標
656920	657920	先接目標
657920	658920	對 要目標
658920	659920	你才有
659920	660920	你還可以選
660920	661920	是選哪個目標
661920	663920	他們的目標是先
663920	665920	把報價單
665920	666920	的廠商的這個報價
666920	667920	在那個
667920	668920	那個
668920	669920	先
669920	670920	先加上去之後
670920	671920	我收到去
671920	672920	請之後再去
672920	673920	再去
673920	674920	檢目標
674920	675920	是
675920	676920	因為
676920	677920	他們
677920	678920	你們要開工的時候
678920	679920	已經是有報價單
679920	680920	對啊
680920	681920	因為有確定
681920	682920	有報價單
682920	683920	之後才會有
683920	684920	這些資料
684920	685920	請你們去開
685920	686920	生氣單
686920	687920	對啊
687920	689920	那
689920	690920	因為
690920	692920	因為
692920	693920	我就說
693920	694920	我們後面這一塊是
694920	695920	應該說先做後
695920	696920	我這個
696920	697920	是留著
697920	698920	跟系統
698920	699920	今天要關系
699920	700920	他怎麼開的
700920	701920	也就看
701920	702920	他們怎麼使用
702920	703920	現在我們想
703920	704920	已經是
704920	705920	什麼
705920	706920	對啊
706920	707920	主要是說
707920	708920	這個
708920	709920	建議不要
709920	710920	這一塊是
710920	711920	我
711920	712920	一開始就先
712920	713920	建嗎
713920	714920	你要先建嗎
714920	716920	還是是他的建
716920	717920	生氣的
717920	718920	還是
718920	719920	這個
719920	720920	這個
720920	721920	沒有系統
721920	722920	應該說這個
722920	723920	沒有特別控制
723920	724920	這是有程
724920	725920	他覺得你需要進嗎
725920	726920	對
726920	727920	但是
727920	728920	我們也說開了生氣
728920	729920	原來沒有
729920	730920	有
730920	731920	生氣單
731920	732920	應該是進嗎
732920	733920	我會開的
733920	734920	我會開的
734920	735920	我會開的
735920	736920	我會開的
736920	737920	我會開的
737920	738920	我會開的
738920	739920	正常是
739920	740920	要的
740920	741920	好嗎
741920	742920	我會算是糟的
742920	743920	那是你糟的
743920	744920	那是你糟的
746920	747920	應該說
747920	748920	目標的
748920	749920	是看
749920	750920	就是
750920	751920	怎麼自電怎麼
751920	753920	有程是怎麼抓的
753920	754920	跟
754920	755920	氣房間
755920	756920	沒有
756920	757920	發氣的
757920	758920	那
758920	759920	就是看
759920	760920	看
760920	761920	麥寶的
761920	762920	什麼電影
762920	763920	誰做
763920	764920	這是什麼
764920	765920	先
765920	766920	如果
766920	767920	如果
767920	768920	如果
768920	769920	如果
769920	770920	如果
770920	771920	如果
771920	772920	如果
772920	773920	如果
773920	774920	如果
774920	775920	如果
775920	776920	如果
776920	777920	如果
777920	778920	如果
778920	779920	如果
779920	780920	如果
780920	780940	製製製製製製
780940	783920	或者是
786920	787920	我們
787920	788960	因為
788960	789920	我們
789920	792920	我們
792920	793920	因為
793920	795920	agenda
795920	798920	他
798920	799920	就
799920	802920	有
802920	804920	我們
804920	805920	我們
805920	808920	也
808920	813920	因為你沒有茶,你又會茶牛
813920	816920	那既然它就是物料前進
816920	817920	對
817920	822920	那所以包含一乳棍的就是開了什麼時候進的物料
822920	824920	如果沒有時候進的物料進的物料
824920	826920	我不說是你
826920	830920	因為後面你會需要選它的物料
830920	832920	物料會影響到料化
832920	837920	就是對方不是向前要手擋自然裡面有選的
837920	839920	所以你要前面先建立一個
839920	842920	如果是行得的話,就能用這個樣子
842920	843920	對
843920	845920	但是這邊一開始懷疑都是
845920	848920	所以你都要先建立料好
848920	852920	然後才會拉到它們在共有的時候在哪裡
852920	853920	對
853920	854920	那照片就是說
854920	858920	它們有需求提出要採購的時候
858920	860920	我去建立料好
863920	864920	但是它們有需求之後
864920	866920	那時候也是業務卿
866920	868920	因為那時候有時候包含到表達
868920	869920	你的需求?
869920	870920	需求?
870920	871920	對,需求?
871920	872920	對
872920	873920	那時候我要買產東西
873920	874920	應該是
874920	875920	我要來開貨
875920	876920	沒有錯
876920	877920	可是
877920	878920	可是
878920	879920	我又要給它地址
879920	881920	先建完物料
881920	882920	我才能開貨
882920	883920	那
883920	885920	其實會有產生的矛盾
885920	886920	這個物料
886920	887920	到底有沒有用
887920	888920	可是我之前要開
891920	892920	這幾個月
892920	894920	你試試說
894920	895920	有可能
895920	897920	在這個案子
897920	898920	也會
901920	902920	主要的供應應該是
902920	903920	這個專案
903920	904920	對
904920	905920	我這邊這個專案
905920	906920	你用一道酸黃色的
906920	907920	對不對
907920	908920	那這個供應應該是
908920	909920	實際上
909920	910920	用的不是
910920	911920	那我不是
911920	912920	我在評論
912920	913920	如果我今天是
913920	914920	品牌是我
914920	915920	蘋果上
915920	916920	配置的進行
916920	917920	好
917920	918920	我就
918920	919920	用開始
919920	920920	然後呢
920920	921920	那就是
921920	922920	這件事很奇怪
922920	923920	那你上去
924920	925920	這件事情應該是我
925920	926920	跟你說你用的東西
926920	927920	先走朝鮮
927920	928920	算一算之後
928920	929920	我們根據確定了
929920	930920	你看看
932920	933920	那就是有點像是
933920	934920	之前
934920	935920	你沒有一次二打
935920	936920	對
936920	937920	你沒有一次二打
937920	938920	你絕對
938920	939920	所以在專案上
939920	940920	也感覺
940920	941920	之前有一個供應
941920	942920	他們就是可以
942920	943920	現在
943920	944920	你現在有看上面
944920	945920	提完之後
945920	946920	然後會到
946920	948920	氣種裡面
948920	949920	然後之後
949920	950920	才去
950920	951920	才過得動作
951920	952920	對
952920	954920	譬如說我本來想說
954920	955920	我要買的燈泡刺
955920	956920	對
956920	957920	結果
957920	958920	我氣種習慣
958920	959920	規定
959920	960920	我後來很慘
960920	962920	我導致我
962920	963920	那在你的時候
963920	964920	我是
964920	965920	那個供給你
965920	966920	我是
966920	967920	那個時候
967920	969920	再來有
969920	970920	下去買
970920	971920	我就在那邊
971920	972920	三
972920	973920	然後
973920	974920	進行
974920	975920	但是
975920	976920	你的心同
976920	977920	要做到
977920	979920	變成
979920	980920	好
980920	981920	可以
981920	982920	但是你在這
982920	983920	有表面
983920	984920	請跟在
984920	985920	貢表
985920	986920	如果是
986920	987920	早上的負擔
987920	988920	你進貢
988920	989920	換一個
989920	990920	然後要我這邊開始
990920	991920	那就是
991920	992920	變成說
992920	993920	你的貢表
993920	994920	先確認好
994920	995920	之後再來
995920	996920	確認開
996920	997920	對
997920	998920	換另一手工
998920	999920	對
999920	1000920	變成說
1000920	1001920	你這個不要
1001920	1002920	沒有
1002920	1003920	你
1003920	1004920	你
1004920	1005920	最後也不買
1005920	1006920	對
1006920	1007920	然後也進不了
1007920	1008920	就是
1008920	1010920	生命
1010920	1011920	確認
1011920	1012920	要採購的部分
1012920	1013920	再到
1013920	1014920	解僱
1014920	1015920	有沒有
1015920	1016920	好自己的事情
1016920	1017920	然後再到
1017920	1018920	採購
1018920	1019920	代理身體
1019920	1020920	再來
1020920	1021920	那這樣的話
1021920	1022920	那
1022920	1023920	對
1023920	1024920	這邊要被收到
1024920	1025920	是嗎
1025920	1026920	不是
1026920	1027920	那個
1027920	1028920	那個
1028920	1029920	那個
1029920	1030920	那個
1030920	1031920	但是
1031920	1032920	對
1032920	1033920	但是
1033920	1034920	那個
1034920	1035920	那個
1035920	1036920	那個
1036920	1037920	那個
1037920	1038920	那個
1038920	1039920	所以
1039920	1040920	他是用選擇的方式
1040920	1041920	所以這樣的話
1041920	1042920	譬如說
1042920	1043920	他這個部分的話
1043920	1044920	就變成
1044920	1045920	可能要來
1045920	1046920	如果
1046920	1047920	在我那邊
1047920	1048920	這樣子採的狀況之下
1048920	1049920	就變成說
1049920	1050920	對
1050920	1051920	這是
1051920	1052920	後面影響
1052920	1053920	就是我未來知道
1053920	1054920	你們需要做
1054920	1055920	報表
1055920	1056920	做統計
1056920	1057920	就影響
1058920	1060920	因為每個人打吃
1060920	1061920	打的
1061920	1062920	不一定
1062920	1063920	可能都會碰
1063920	1064920	不一定
1064920	1065920	對
1065920	1066920	或是名字很像
1067920	1068920	所以
1068920	1069920	才是用這樣的方式
1069920	1070920	是
1070920	1071920	用選擇當時
1071920	1072920	一個會有
1072920	1073920	特殊的符號
1073920	1074920	或是說
1074920	1075920	對
1075920	1076920	這考一大地以後
1076920	1077920	公司變大
1077920	1078920	官的需要
1078920	1079920	就是
1079920	1080920	這個
1080920	1081920	這個
1081920	1082920	這個
1082920	1083920	那這樣的話
1083920	1084920	是我
1084920	1086920	公平的
1086920	1087920	通常
1087920	1088920	他在說
1088920	1089920	會有一個
1089920	1090920	才
1090920	1091920	通負文章
1093920	1094920	就是他
1094920	1095920	是
1095920	1096920	盡可能
1096920	1097920	越少
1097920	1098920	用越
1098920	1099920	就是他剛剛講
1099920	1100920	並破去的困暴
1100920	1101920	所以
1101920	1102920	通常
1102920	1103920	一個專門的那種禁止
1103920	1104920	我們可能是開
1104920	1105920	可能就是你只要打
1105920	1106920	給你的
1106920	1107920	剩下人
1107920	1108920	要把自己報
1108920	1110920	因為他是
1110920	1118920	氣候的故事
1118920	1119920	所以你的意思是
1119920	1121920	說
1121920	1122920	對
1122920	1123920	但是
1123920	1124920	問題是
1124920	1126920	你還要去
1126920	1127920	你還要去
1127920	1128920	你還要去
1128920	1129920	你意思的是
1129920	1130920	你只想
1130920	1131920	確定要寫
1131920	1132920	或是
1132920	1133920	然後
1133920	1134920	有報
1134920	1135920	你確定
1135920	1136920	你又報
1136920	1137920	再來
1137920	1138920	再來做這件事
1138920	1139920	對
1139920	1141920	或是重工
1141920	1143920	好
1143920	1145920	好
1145920	1147920	要寫
1147920	1148920	沒問題
1148920	1149920	沒有問題
1149920	1150920	沒有問題
1150920	1151920	我寫
1151920	1152920	寫
1152920	1158920	好
1158920	1160920	或者是
1161920	1163920	由為一個
1163920	1165680	總會
1165680	1166920	有其他人
1166920	1167920	另外
1167920	1169920	幫你
1169920	1170920	這個耶
1170920	1172920	好
1172920	1173920	這個是
1173920	1175920	你錢一個
1175920	1176920	這個
1176920	1179920	財 animals
1179920	1181920	不是
1181920	1183920	然後...
1183920	1184920	然後...
1184920	1185920	那個後...
1185920	1187920	它有一個腳踩一個
1187920	1188920	它踩一個的話
1188920	1189920	因為你...
1189920	1190920	要分子圖嗎
1190920	1191920	對
1191920	1192920	然後...
1192920	1193920	你後後這個按
1193920	1194920	然後...
1194920	1195920	首先你也要分子圖
1195920	1196920	然後...
1196920	1197920	這個...
1197920	1198920	這個...
1198920	1199920	這個...
1199920	1200920	這個...
1200920	1201920	這個...
1201920	1202920	這個...
1204920	1206920	然後...
1206920	1207920	然後...
1207920	1208920	你會總之...
1208920	1209920	你也可以從...
1209920	1211920	這種走人看著惡人
1211920	1212920	對...
1212920	1213920	最後...
1213920	1214920	然後...
1214920	1216880	你好,你應該也一ym wants
1216880	1218080	我一樣的物件
1218080	1218640	哦
1218640	1218880	對
1218880	1220080	不是說我愛的
1220080	1220920	哦
1220920	1222000	我再記得一看起來
1222000	1223000	我們說這個
1224000	1224680	然後別吃完
1224680	1225000	就
1225000	1225480	就
1225480	1225960	就
1225960	1226480	就
1226480	1226720	就
1226720	1226960	就
1226960	1227120	就
1227120	1228040	因為你玩到水上
1228040	1228200	你玩到
1228200	1228280	你玩到水上
1228280	1228880	你玩到水上
1228880	1228920	就
1228920	1228960	就
1228960	1229960	就
1229960	1230320	就
1230320	1230520	就
1230520	1230560	就
1230560	1231960	你用暗示的踩破單上
1232360	1232920	暗示的
1232920	1233440	你用暗示的
1233440	1234200	你用暗示的
1234200	1235000	哦
1235000	1235680	暗示的
1235680	1236120	啊
1236120	1237040	你用暗示的
1237040	1237440	暗示的
1237440	1237680	暗示的
1237680	1238040	暗示的
1238040	1238640	你用暗示的
1238640	1239680	你用暗示的
1239680	1240080	你用暗示的
1240080	1240440	你用暗示的
1240440	1241280	你用暗示的
1241280	1242280	這邊
1247840	1248360	你用暗示的
1248360	1249080	你用暗示的
1249080	1249440	你用暗示的
1249440	1250180	你用暗示的
1250180	1251080	你用暗示的
1251080	1251680	你用暗示的
1251680	1252280	你用暗示的
1252280	1252320	你用暗示的
1252320	1253360	你用暗示的
1253360	1254200	你用暗示的
1254200	1257280	你用暗示的
1257280	1258480	你是有暗示的
1258480	1259200	都是暗示的
1259200	1260040	你用暗示的
1260040	1260240	明顯
1260240	1260800	暗示的
1260800	1261160	暗示确夹
1261160	1262320	你有暗示
1262320	1262960	暗示的
1262960	1263080	暗示的
1263080	1263880	暗示
1263880	1264080	暗示s
1264080	1264800	暗示的
1264800	1265600	暗示
1265600	1266480	暗示
1266480	1266640	暗示
1266640	1266880	暗示
1266880	1267040	暗示
1267040	1267120	暗示
1267120	1267840	暗示
1267840	1267880	暗示
1267880	1268040	暗示
1268040	1268080	暗示
1268120	1268520	暗示
1268520	1269440	欸
1270320	1272500	好聽拉
1272500	1273660	再來一支
1273660	1276000	我也參賽重新鬧
1276000	1277040	成功了
1279280	1280720	來這邊
1280720	1281700	硬盪的墨子
1282260	1283260	對,又有墨子
1283260	1284240	第
1284240	1286540	可以按者 Walking
1286540	1287840	可以機械 你可以
1288960	1290880	這邊是上上的誤我
1290880	1292340	這樣提醒了
1293480	1295160	它被我的小腿
1295160	1298160	然後這個是編出來的編格式
1298660	1301660	然後這邊打完之後你提交之後
1302160	1303660	還有個賺才會是
1305360	1306860	自己有個沒有信打一下
1307160	1310160	就是上手就是他已經先送審出去
1310460	1312860	你想一體家就發生什麼送出去
1313460	1315160	然後採託到這些
1315460	1316160	技術
1316660	1318460	技術不是整張貨會使用
1319660	1321260	整張貨沒有是
1321860	1323360	你才會跟開玩笑
1323360	1324560	因為你們分組別吧
1325060	1326560	那個特殊的案件就是
1327360	1328560	跟居然的職別開了
1329060	1329860	那個才動
1330560	1333260	開就去那邊是專訪那個職別的
1333560	1334060	對
1334060	1334560	對
1334560	1336060	然後你又是他會指張貨
1336060	1337060	你問你想說
1337760	1338060	沒有
1338060	1339060	他對自己勾選
1339060	1339560	對
1339560	1341060	是可以自己勾選的
1341560	1342560	如果說講的時候
1342560	1344560	我現在是女朋友被抓
1344560	1346560	對 所謂女朋友開了貨
1346560	1347560	開了貨
1347560	1349560	好 我就要講說指張貨
1350060	1351060	一張
1351060	1352060	因為那個
1352060	1353060	人家說
1353060	1354560	一個組別一張
1355060	1356560	對 一個組別
1357060	1358060	對 比賽
1358060	1359060	比賽開發
1359060	1360060	其實還要準備
1360560	1361060	然後我現在
1361060	1362060	我自己講得到
1362060	1363060	我自己講得到
1363560	1364060	我全部都
1364060	1365060	大家都要講
1365060	1366060	我全部都要講
1366560	1368060	怎麼 到底已經起來過程了
1368560	1369060	因為
1369560	1370060	比如說這個
1370060	1371060	有兩次
1371060	1372060	那人家其實全部都幫
1372560	1373060	我對人家
1373060	1374060	我對人家都幫他帶過來
1374560	1375560	就只剩下一個
1376560	1377060	那你們的
1377060	1377560	在這個
1378060	1379060	有一下
1379060	1380060	有一下任務
1380060	1381060	可是我
1381060	1382060	我沒有什麼
1382060	1383060	我不知道
1383060	1384060	有一個三個
1384060	1385060	或有一個三個
1385060	1386060	有一個三個
1386060	1387060	前面有一個三啊
1388060	1389060	你他前面組
1389060	1390060	前面那邊
1390060	1391060	不是也有一個三嗎
1391060	1392060	這個啦
1392060	1393060	對啊
1393060	1394060	我才有
1395060	1397060	這是你這邊
1397060	1398060	那我以下
1398060	1399060	我
1399060	1400060	不是
1400060	1401060	我只知道你
1401060	1402060	勾裡面的三個可以
1402060	1403060	假設是這樣
1403060	1404060	我就要
1404060	1405060	勾車裡面三下
1405060	1406060	裡面有部分
1406060	1407060	那個十下
1407060	1408060	但是我勾車
1408060	1410060	我現在只先放三邊
1410060	1412060	他可以用勾選嗎
1412060	1413060	因為你現在有兩樣
1413060	1414060	到我之後
1414060	1415060	他買車就不一樣
1416060	1417060	對
1417060	1419060	我要怎麼放勾勾車
1419060	1420060	勾選
1420060	1421060	我不知道他
1421060	1422060	還要勾選
1423060	1424060	有客人
1424060	1425060	有客人
1425060	1426060	對
1426060	1427060	有客人
1427060	1428060	有客人
1428060	1429060	有客人
1429060	1430060	有客人
1430060	1431060	有客人
1431060	1432060	有客人
1432060	1433060	有客人
1433060	1434060	有客人
1434060	1435060	有客人
1435060	1436060	有客人
1436060	1437060	有客人
1437060	1439060	有客人
1439060	1441060	有客人
1441060	1442060	有客人
1442060	1443060	有客人
1445060	1446060	有客人
1446060	1447060	有客人
1447060	1448060	有客人
1448060	1452060	有客人
1452060	1454060	有客人
1454060	1456060	有客人
1456060	1458060	招對
1458060	1460060	你有客人
1460060	1462060	有客人
1462060	1463060	атель
1463060	1464060	有客人
1464060	1465060	但一樣
1465060	1466060	有客人
1466060	1468360	我記憶要主管等我發現我出了東西
1468360	1470360	因為其中一年
1470360	1471860	所以我還在創辦
1471860	1474360	這個想法還要再多多的話很遷
1474360	1476460	對 可是其實我控告大埃
1477560	1479960	因為你下一次都會有從通通當況
1479960	1480960	但是我下一次都很痛
1480960	1481960	你要少的東西
1484460	1485960	你就紙上控告就下單單了
1485960	1487460	那表示對 它就...
1487460	1487960	對 它就...
1487960	1488960	對 它就...
1488960	1489960	其實就是...
1491960	1493460	應該是...
1493460	1494960	就是另外一個觀光
1495160	1496160	那...
1496160	1497160	講說...
1497160	1498160	你說...
1498760	1499760	那是鳳有錯
1499760	1500460	我做完
1500460	1501460	另外一個我做完
1501460	1501960	我做完
1501960	1502960	我做完
1502960	1503460	那...
1503460	1504960	那什麼都在鳳鳴
1505460	1507660	那就是被反彈還在多見一個意思
1507660	1508460	那也比較鳳鳴
1508460	1509460	那就是...
1509460	1510960	你還想是在見一個
1510960	1511460	不是 我要...
1511460	1512460	把你拉出去
1512460	1512960	我要...
1512960	1513960	拉出去
1513960	1515460	我那時候我要拍一個視頻的案子
1515460	1516460	不是我一說班
1516460	1516960	對
1516960	1518960	然後對我一說班人真的內容是這個
1518960	1519960	對 內容是這個
1519960	1520960	這個鳳鳴
1520960	1521960	應該是說
1521960	1522960	就是變成說
1522960	1523960	不要再拉
1523960	1525960	另外一張單是不是來臨時了
1525960	1526960	對 我要...
1526960	1528460	要再人們碰不滅
1528460	1529460	我一說是職貼的
1531460	1532960	那跟我說像它這一種
1532960	1533960	它說是...
1533960	1534960	它是一開始就少不少
1534960	1535960	不去認識你
1535960	1537460	那你就有時候要跟它改碰嗎
1537460	1537960	沒有
1537960	1538960	那改碰
1538960	1539460	那...
1539460	1540460	我不是忘記一個
1541460	1541960	一開始見
1541960	1542960	一開始見
1542960	1543960	一開始見
1543960	1544960	一開始見
1544960	1545960	我除了鳳鳴三個
1545960	1546460	但是我...
1546460	1547460	因為鳳鳴是聖的
1547460	1548460	那我一次
1548460	1549460	我先擺了三個
1549460	1549960	對
1549960	1550960	就你...
1550960	1551960	換來爆
1551960	1552960	它就說兩個是...
1552960	1553960	可是我...
1553960	1554960	可是我...
1554960	1555960	我現在...
1555960	1556960	我現在數就變得多
1556960	1557960	我要可以...
1557960	1558960	只拿你熱出來嗎
1558960	1559960	下來就出床
1559960	1560960	對...
1560960	1561960	這個主要是...
1561960	1562960	就是螃蟹
1562960	1563960	就是鳳鳴在那裡這樣
1563960	1564960	一種鳳鳴
1564960	1565960	然後...
1565960	1566960	就是...
1566960	1567960	就是鳳鳴在那裡這樣
1567960	1568960	對...
1568960	1569960	我再拿...
1570960	1571960	對...
1571960	1572960	有一個...
1572960	1573960	有兩個狀況了
1573960	1574960	一個是...
1575960	1576960	少提報
1576960	1577960	要去改報
1577960	1578960	然後再去買
1578960	1580960	按一個是
1580960	1581960	我的鳳鳴
1581960	1582960	但是...
1582960	1583960	我...
1583960	1584960	除了...
1584960	1585960	外耀的關係
1585960	1586960	要在多嘛
1586960	1587960	就變成在
1587960	1588960	見一萬個鳳
1588960	1589960	很可愛
1589960	1590960	對啊
1590960	1591960	對啊
1591960	1592960	對啊
1592960	1593960	來...
1593960	1594960	對...
1594960	1595960	你...
1595960	1596960	你...
1596960	1597960	你...
1597960	1598960	有了...
1598960	1599960	這個有做
1599960	1600960	然後我跟他去
1600960	1601960	好...
1601960	1602960	然後...
1602960	1603960	台北就...
1603960	1604960	對啊...
1604960	1605960	那種月機構
1605960	1606960	現在會有...
1606960	1607960	你們...
1607960	1608960	我主...
1608960	1609960	你們在你們機構組
1609960	1610960	最容易證明到
1610960	1611960	一些...
1611960	1612960	影片變成
1612960	1613960	模糊的情況
1613960	1614960	兩種...
1614960	1615960	多針起
1615960	1616960	對...
1616960	1617960	影片...
1617960	1618960	而且...
1618960	1619960	我們也說
1619960	1620960	電腦
1620960	1621960	我們也很多東西組織
1621960	1622960	你看一個電腦
1622960	1623960	我們...
1624960	1625960	對...
1625960	1626960	對...
1626960	1627960	我們...
1627960	1628960	我們...
1628960	1629960	我們需要...
1629960	1630960	每次...
1630960	1631960	每一個零件
1631960	1632960	你知道嗎
1632960	1633960	對...
1633960	1634960	譬如說我...
1634960	1635960	一個機構
1635960	1636960	2030種的...
1636960	1637960	影片
1637960	1638960	如果...
1638960	1639960	如果說我會...
1639960	1640960	會...
1640960	1642960	然後可能也是...
1642960	1643960	去...
1643960	1645960	因為他可能...
1645960	1646960	比較多
1646960	1647960	就是...
1647960	1648960	所有的一種電腦
1648960	1649960	就是要這樣打
1649960	1650960	學一個產品
1650960	1651960	超八處代表的
1651960	1652960	好...
1652960	1653960	有...
1653960	1654960	有...
1654960	1655960	前期下...
1655960	1656960	這個...
1656960	1658960	我們就知道...
1658960	1659960	這個...
1659960	1660960	不要我們...
1660960	1661960	但可以...
1661960	1662960	就是...
1662960	1663960	如果...
1663960	1664960	如果是...
1664960	1666960	通用母艦
1666960	1667960	那...
1667960	1668960	如果是...
1668960	1669960	那個東西是...
1669960	1670960	通用母艦
1670960	1671960	那...
1671960	1672960	五百五百就是這個
1672960	1673960	但是如果我們
1673960	1674960	機構...
1674960	1675960	做了一個機構出來
1675960	1676960	2030種的...
1676960	1677960	影片...
1677960	1678960	影片...
1678960	1679960	這個...
1679960	1680960	全部都是...
1680960	1681960	我們是化的話
1681960	1682960	這個...
1682960	1683960	我們就全部都沒有看
1683960	1684960	然後...
1684960	1685960	他就會...
1685960	1686960	就是...
1686960	1688960	就是...
1688960	1690960	讓我們是...
1690960	1691960	所以你一直說
1691960	1692960	不要寫字到這裡
1692960	1693960	什麼字到這裡
1693960	1695960	好...
1695960	1696960	不要但是...
1696960	1698960	如果沒有寫字出來的話
1698960	1699960	你...
1699960	1700960	不知道你以後這個東西
1700960	1701960	是怎麼建議出來的
1701960	1702960	對...
1702960	1703960	還是要...
1703960	1704960	還是要...
1704960	1705960	觀眾...
1705960	1707960	你就要建議...
1707960	1708960	因為有可能你
1708960	1709960	現在出了這一個東西
1709960	1710960	我現在一個愛是
1710960	1711960	有可能還要出
1711960	1712960	要一種一樣的東西
1712960	1713960	你一定要知道
1713960	1714960	這個建的男人
1714960	1715960	建的東西
1715960	1716960	好...
1716960	1717960	那...
1717960	1718960	我問一下
1718960	1719960	那像這樣子的話
1719960	1721960	他還要一個一個建議好不好
1721960	1723960	因為他等於全部都
1723960	1725960	裝在那一個東西
1725960	1726960	那一個機構
1726960	1728960	的東西裡面的話
1728960	1729960	你需要去建議好不好
1729960	1730960	還是我只要建一個
1730960	1732960	還是他們只要用一個
1732960	1734960	就一個統稱的要
1734960	1735960	帶在
1735960	1737960	這個一樣的東西裡面
1737960	1738960	就...
1738960	1739960	這個...
1739960	1741960	剛剛講這個產品那邊
1741960	1743960	因為這樣子的話
1743960	1744960	他...
1744960	1746960	不知道他要用這個建議好不好
1746960	1747960	好...
1747960	1748960	我還以為他只要有一件
1748960	1749960	他把他出來用
1749960	1750960	我再找你到
1750960	1751960	可是他...
1751960	1752960	我要用...
1752960	1754960	那你開始用那個統稱的
1754960	1756960	他是自己用脖子
1756960	1757960	好...
1757960	1758960	他...
1758960	1759960	他...
1759960	1760960	他...
1760960	1761960	他...
1761960	1762960	他...
1762960	1764960	他是基於這個
1764960	1765960	好...
1765960	1766960	對...
1766960	1768960	這是產品最小的男人來的
1768960	1770960	然後你要組成產品的話
1770960	1771960	就這邊都是你建好
1771960	1772960	我是一組起來的
1772960	1773960	會變到組別式
1773960	1774960	對...
1774960	1775960	那雖然還是要建議好不好
1775960	1776960	對...
1776960	1777960	還是要一個一個建議好不好
1777960	1778960	沒錯
1778960	1779960	不然如果...
1779960	1781960	如果還想要一個東西
1781960	1782960	如果...
1782960	1783960	是要當一個團員的話
1783960	1784960	你用那個...
1784960	1785960	他...
1785960	1787960	他要怎麼建議啊
1787960	1790960	基本上是土豪
1790960	1791960	土豪...
1791960	1792960	土豪...
1792960	1793960	土豪...
1793960	1794960	土豪...
1794960	1795960	土豪...
1795960	1796960	土豪...
1796960	1797960	土豪...
1797960	1798960	土豪...
1798960	1799960	土豪...
1799960	1800960	土豪...
1800960	1801960	土豪...
1801960	1802960	土豪...
1802960	1804960	土豪...
1804960	1805960	土豪...
1805960	1806960	土豪...
1806960	1807960	土豪...
1807960	1808960	土豪...
1808960	1810960	那就是從這樣子踢進去
1810960	1811960	然後你就知道說...
1811960	1813960	要把他帶進去嗎
1813960	1815960	但是他的中文名字也會有啊
1815960	1817960	那個從上面會寫
1817960	1819960	然後就把他帶進去價錢吧
1819960	1820960	土豪...
1820960	1821960	土豪...
1821960	1822960	土豪就是...
1822960	1823960	我有一個土豪
1823960	1824960	然後有一個中文名字
1824960	1826960	這個東西會很怕的
1826960	1827960	但...
1827960	1828960	就是我在...
1828960	1830960	物料委員裡面會...
1830960	1831960	但...
1831960	1832960	所以...
1832960	1834960	他可以萬一做成一個模組啊
1834960	1835960	對啊
1835960	1837960	就是你只要先土開始
1837960	1838960	他...
1838960	1840960	所以我開公表的時候
1840960	1841960	或是說...
1841960	1842960	再一次都...
1842960	1843960	再開公表的時候
1843960	1845960	是可以直接帶...
1845960	1846960	模組
1846960	1847960	可以
1847960	1848960	可以...
1848960	1849960	剛剛選擇在自己當的時候
1849960	1850960	要不就出來
1850960	1852960	然後你...
1852960	1853960	然後你...
1853960	1854960	然後你...
1854960	1855960	然後你...
1855960	1856960	然後去...
1856960	1857960	我想到那一種操作
1857960	1858960	不是會...
1858960	1859960	不會...
1859960	1860960	我東西太多說
1860960	1861960	我好選擇
1861960	1862960	不好就選擇
1862960	1863960	但是...
1863960	1864960	你就在你身上
1864960	1865960	大概初...
1865960	1867960	當初你在建...
1867960	1868960	5號的時候
1868960	1869960	你做不應該的組
1869960	1870960	土豪運規則
1870960	1871960	優表啊
1871960	1872960	你那個土豪運規則
1872960	1873960	你應該是...
1873960	1874960	三者第一手第一手
1874960	1875960	第一手一手
1875960	1876960	一手一手一手一手
1876960	1877960	在...
1877960	1878960	在我身上你說
1878960	1879960	你這個...
1879960	1880960	就算我...
1880960	1881960	我幫你...
1881960	1883960	我幫你...
1883960	1884960	我為了...
1884960	1885960	把你...
1885960	1887960	算...
1887960	1888960	就是...
1888960	1889960	你看...
1889960	1890960	可以打字
1890960	1891960	可以打字
1891960	1892960	然後他會把你打字
1892960	1893960	你是受這個嗎
1893960	1894960	對不對
1894960	1895960	對...
1895960	1896960	你說搜尋的功能
1896960	1897960	對...
1897960	1898960	我意思說
1898960	1899960	我覺得打關鍵字啊
1899960	1900960	不是...
1900960	1901960	打關鍵字的話
1901960	1902960	他就會跳關鍵字出來
1902960	1903960	就不會那麼長
1903960	1904960	他會...
1904960	1905960	有嗎
1905960	1906960	是這個嗎
1906960	1907960	關鍵字的
1907960	1908960	對...
1908960	1909960	對...
1909960	1910960	你...
1910960	1911960	他就把你打出來
1911960	1912960	他其實也可以找我
1912960	1913960	他...
1913960	1914960	他要抓我手
1914960	1915960	他要抓我手
1915960	1916960	他要抓我手
1916960	1917960	他要抓我手
1917960	1918960	他要抓我手
1918960	1919960	因為他土豪運規則
1919960	1921960	因為他土豪運規則
1921960	1922960	對...
1922960	1923960	對...
1923960	1924960	他要用字吧
1924960	1925960	對...
1925960	1926960	他也知道
1926960	1927960	你從來以追訪
1927960	1928960	比較多出來啊
1928960	1930960	如果打別多出來
1930960	1931960	他搜尋的追跃出來
1931960	1932960	對...
1932960	1933960	他可以打
1933960	1934960	對...
1934960	1935960	對啊
1938960	1939960	好...
1939960	1940960	才夠...
1940960	1941960	他...
1941960	1942960	這個部分已經送到...
1942960	1943960	到...
1943960	1944960	到...
1944960	1945960	板子
1945960	1946960	起腳之後
1946960	1948960	然後...
1948960	1949960	然後...
1949960	1950960	那個...
1950960	1952960	有看從他來取標的才能夠
1952960	1953960	我料...
1953960	1954960	我料...
1954960	1955960	不知道才夠
1955960	1956960	然後就...
1956960	1957960	拗然後出去等一下
1957960	1959960	然後東西要送的
1959960	1962960	送來得步衷
1962960	1964960	他就狀態
1964960	1967960	好...
1969960	1970960	說來 say...
1970960	1972960	什麼都沒有自己
1975960	1977960	這個是...
1977960	1978960	看那個...
1978960	1979960	是我們等一下送輸的
1979960	1982520	好 這個是管理者 現在是管理者的借
1984560	1985340	我送出了
1985840	1986620	然後呢
1986880	1987900	我要辦自習
1991220	1992000	我給你講
1992500	1993780	我要辦自習的變成麥克風
1998640	2000700	第二關是麥克風 然後還有這個
2002480	2003260	就是大概這個
2004020	2006580	好 還有頭尺 那我們好不下的頭
2007140	2010160	那都在
2010420	2010680	因為
2010940	2012720	東西還沒來 還不確定還來
2013500	2015280	所以這邊它這個桶房是
2016300	2017080	有要到
2017840	2019640	東西以大後 還在市之後呢
2020920	2021680	我這邊固醇
2021940	2022960	它這邊就會
2023220	2024240	加進去
2024500	2027060	就過過了就完成整個動作
2027820	2028340	這是
2028600	2029620	整個材料有成
2031160	2031660	到這邊
2033460	2034740	那你知道這個是
2034740	2036540	生氣的 還是
2037300	2038320	生氣的 外資長
2038580	2039100	生氣的
2039600	2041900	生氣的 它是要去追
2042160	2043180	對 它是
2043440	2044720	追 吃不吃到
2044980	2046780	因為它是會生氣的
2047020	2048060	會動自高生氣的
2051120	2052660	那是不是上面就會有
2052920	2053420	交期
2054200	2055980	上面就有說你的交期
2056240	2056760	所以不選
2057260	2058040	今天或過去的
2058300	2060080	然後看到的你是多麼亂選
2060960	2061620	不行
2063660	2064720	這不是
2064940	2066200	那個是
2066480	2067500	重要 還有分量
2069040	2069560	分量
2070320	2072420	要找一個
2073720	2074760	你要找一個
2078040	2080320	好 那我不選
2080560	2081220	哪
2081580	2082740	等一下
2084300	2086460	先不要卯一下
2086700	2087720	剛ieni
2088240	2090020	這沒有辦法
2090080	2091880	出庫啊 出庫 出庫
2091880	2094080	對呀 出庫是
2094080	2097080	入庫啦 入庫是他們太飲料庫吧
2097080	2099080	對 飲料庫 如果是一家庫的話
2099080	2100580	這邊也可以
2100580	2101880	為什麼 就是
2101880	2103680	有肉的感到掉了
2103680	2106080	以前的 一切都需要進來
2106080	2108380	因為花在少許的的話 少許一點的話
2108380	2110080	這就是一件
2110080	2111580	花在手上
2111580	2113380	這次通常不會正常這邊
2113380	2114580	就是
2114580	2115880	那出庫是怎樣
2115880	2117780	因為我看以前有這個東西
2117780	2120780	然後你們應該先在這個眼前
2120780	2121780	之前我用到
2124780	2125780	我做做了
2128780	2130780	那出庫了 出庫是怎樣
2130780	2131780	出庫是
2131780	2133780	他們要拉 都是去的
2133780	2136780	就算是你們抱著他們去出庫
2136780	2138780	想跑跑的
2138780	2140780	好 那就
2140780	2141780	先不要鬆鬆
2141780	2143780	不要鬆鬆
2143780	2145780	好 那先講
2145780	2146780	生氣當
2146780	2148780	很多大家都認不懂
2148780	2149780	生氣當
2149780	2150780	這個分
2150780	2151780	彩頭彩頭一樣
2151780	2152780	生氣就是
2152780	2153780	頭
2153780	2155780	頭夠
2155780	2157780	內地都要這邊
2157780	2159780	又一生氣
2159780	2160780	有沒有
2160780	2162780	你們能用一生氣
2162780	2164780	跟自己
2164780	2165780	跟他們太多有
2165780	2166780	再一直正義
2166780	2167780	沒有關係
2167780	2168780	這些東西
2168780	2170780	跟你們剛剛太飲料
2170780	2172780	就是自己不需要
2172780	2173780	蓋大腳張
2173780	2175780	我需要做符證
2175780	2176780	你用力
2176780	2177780	看
2177780	2178780	這個就在生氣上
2178780	2179780	對
2179780	2180780	那這一點
2180780	2181780	跟彩頭沒關係
2181780	2182780	不要
2182780	2183780	沒有要分
2183780	2185780	其實它的身子
2185780	2186780	那就叫你們勾著氣
2186780	2187780	就跟我們以前的
2187780	2188780	那輪子
2188780	2189780	只有這樣
2189780	2190780	那輪子
2190780	2192780	那輪子
2192780	2193780	才夠單的
2193780	2194780	不要進去
2194780	2195780	生氣單
2195780	2196780	不用補掉
2196780	2197780	生氣單
2197780	2198780	就是單純又硬
2198780	2199780	生氣
2199780	2200780	或者是說
2200780	2201780	有兩個種
2201780	2202780	不需要生氣
2202780	2203780	應該就做符的生氣
2203780	2205780	或者說
2205780	2207780	要不需要生氣
2207780	2209780	什麼雜效的東西
2209780	2210780	這樣就不夠
2210780	2211780	對
2211780	2212780	對
2212780	2213780	因為是重複研
2213780	2214780	讓它分成氣
2214780	2215780	那個
2215780	2217780	那個是在生氣單裡面
2217780	2219780	那個應該是在
2219780	2220780	其他文件
2220780	2221780	不要補
2221780	2222780	要補
2222780	2223780	要補
2223780	2224780	要補
2224780	2225780	生氣單
2225780	2226780	要補到的話
2226780	2227780	要補你
2227780	2229780	一直順著我
2229780	2230780	對
2230780	2231780	那需要生氣單嗎
2231780	2232780	對
2232780	2233780	自己知道
2233780	2234780	對
2234780	2236780	要補一下這個文件
2236780	2237780	文件
2237780	2238780	就是
2238780	2239780	因為它還有一個
2239780	2240780	是離子生氣
2240780	2241780	一個是交接清單
2241780	2242780	一個是
2242780	2244780	那個
2244780	2245780	什麼
2245780	2246780	個人
2246780	2247780	個人生氣單
2247780	2248780	那個在
2248780	2250780	所以它會生氣
2250780	2251780	硬和各破了
2251780	2252780	其實它
2252780	2254780	表有特別鬆鬆它裡面
2254780	2256780	有各種恐怖
2256780	2257780	它就不用在
2257780	2258780	一個季
2258780	2259780	不起來了
2259780	2260780	沒有
2260780	2261780	不要做
2261780	2262780	當不當在上面
2262780	2263780	那邊沒有
2263780	2264780	是要有一個
2264780	2265780	有一個
2265780	2266780	它還是有一個
2266780	2267780	不需要當在上面
2269780	2270780	以前已經
2270780	2271780	是說不希望
2271780	2272780	放在那個桌子上
2272780	2273780	讓人在
2273780	2274780	你們之前
2274780	2275780	放在那個桌子上
2275780	2276780	放在那個
2276780	2277780	對
2277780	2278780	對
2278780	2279780	對
2279780	2280780	它是要補一下
2280780	2281780	像是我們自己
2281780	2282780	補一下
2282780	2283780	補一下
2283780	2284780	補一下
2284780	2285780	補一下
2285780	2286780	補一下
2286780	2287780	補一下
2287780	2288780	所以其實
2288780	2289780	變成說
2289780	2290780	就是變成
2290780	2291780	補一下
2291780	2292780	它還少生
2292780	2293780	什麼
2293780	2294780	然後我也同意
2294780	2295780	在公司
2295780	2296780	因為它
2296780	2297780	好像
2297780	2298780	有時候
2298780	2299780	那邊都不懂
2299780	2300780	你這樣
2300780	2301780	一些
2301780	2302780	文具的東西
2302780	2303780	我們每個月都會有夠一次
2303780	2304780	它幾乎
2304780	2305780	有什麼需要的
2305780	2306780	我覺得
2306780	2307780	會
2307780	2308780	會
2308780	2309780	會
2309780	2310780	會
2310780	2311780	會
2311780	2312780	會
2312780	2313780	會
2313780	2314780	會
2314780	2315780	會
2315780	2316780	會
2316780	2317280	會
2317280	2318280	我是
2318280	2319280	我
2319280	2320280	因為
2320280	2323280	因為
2329280	2332280	嘴
2332280	2335280	這甚麼
2335280	2337280	這個
2337280	2339280	它就
2339280	2343280	犯立
2343280	2344280	那你
2344280	2345280	騎
2345280	2347280	然後一樣會送到
2347280	2349280	送到懷疑者的地區
2350280	2351280	然後
2351280	2353280	天火的跟他都已經遠
2353280	2354280	對喔
2354280	2355280	那我打的嗎
2355280	2356280	我不知道
2356280	2357280	那誰啊
2357280	2359280	那誰啊
2359280	2360280	那誰啊
2360280	2361280	那誰啊
2361280	2362280	那誰啊
2362280	2363280	那誰啊
2363280	2364280	那誰啊
2364280	2365280	那誰啊
2365280	2366280	那誰啊
2366280	2367280	那誰啊
2367280	2368280	那誰啊
2368280	2369280	那誰啊
2369280	2370280	那誰啊
2370280	2371280	那誰啊
2371280	2372280	那誰啊
2372280	2373280	那誰啊
2373280	2374280	那誰啊
2374280	2375280	那誰啊
2375280	2376280	那誰啊
2376280	2377280	那誰啊
2377280	2379280	那誰啊
2379280	2381280	我們還有一個
2381280	2382280	我們還有一個
2382280	2383280	像一個
2383280	2385280	還是一個
2385280	2386280	對
2386280	2387280	我和你
2387280	2388280	因為
2390280	2391280	都有一個
2391280	2397280	這種
2397280	2399280	其實
2400280	2401280	所以
2401280	2402280	所以
2402280	2403280	其實
2403280	2404280	好
2404280	2406280	好 剩前面是不是這樣
2406280	2408280	然後 請喊單
2408280	2412280	就是 然後 出差還是住宿 必須要來到
2412280	2414280	然後 這邊也要稍微有半個月
2414280	2417280	其實就好像是刀頭嘛
2417280	2420280	然後 你覺得 這邊我是可以當成學
2420280	2424280	對 高鐵 運輩
2424280	2427280	有支這些材料
2427280	2429280	住宿 這樣
2429280	2431280	然後是來轉換
2431280	2433280	然後 做什麼事情
2433280	2434280	做到這個
2434280	2436280	一樣聽叫時候也是
2436280	2438280	你整個沒做什麼
2438280	2439280	這樣就好了
2439280	2440280	好 看這個
2440280	2442280	像我們基礎組的
2442280	2443280	上去 要有什麼
2443280	2444280	有的時候
2444280	2445280	那個很壞
2445280	2446280	很難
2446280	2447280	所以 過招是由
2447280	2449280	來 上去也一個
2449280	2450280	那個話
2450280	2451280	是在
2451280	2452280	請喊單 還是在這裡
2452280	2453280	請喊單
2453280	2454280	請喊單
2454280	2455280	因為你就是
2455280	2456280	難得很用心的
2456280	2457280	請喊單
2457280	2459280	就是用雲用金
2459280	2461280	然後 申請 大家用採購單
2461280	2462280	這就是比如說
2462280	2464280	你們案子的關係
2464280	2466280	那種必須要
2466280	2468280	取價
2468280	2470280	然後有這個產生的報紙
2470280	2471280	就會在
2471280	2472280	那你如果
2472280	2473280	你用這種小樣子
2473280	2474280	那種幣想
2474280	2475280	這種東西的話
2475280	2476280	就直接能說
2476280	2477280	那一刻你能知道
2477280	2478280	可以說
2478280	2479280	你們可以買那種
2479280	2480280	品牧值的話
2480280	2481280	自己做習慣這樣做好
2483280	2484280	請喊
2484280	2486280	是
2486280	2488280	進行給錢
2488280	2490280	申請是不是
2490280	2491280	申請是
2491280	2492280	廠商會
2492280	2493280	作業
2493280	2494280	裝範圍不算自己
2494280	2495280	沒有有裝範圍
2497280	2498280	因為這樣子
2498280	2499280	才能抓進去那個
2499280	2500280	財務
2500280	2501280	財政的延續
2501280	2502280	抓出的案子
2502280	2503280	多少錢
2504280	2506280	不只召喚
2506280	2507280	申請在
2507280	2508280	採購單
2508280	2509280	是什麼
2509280	2510280	你這些小樣的東西
2510280	2511280	你要拉進去
2511280	2512280	因為
2512280	2513280	這個案子
2513280	2514280	買了
2514280	2515280	說的東西
2516280	2517280	這樣
2517280	2518280	說
2518280	2519280	不是我買的
2519280	2520280	你要拉
2520280	2521280	啊 電腦是
2521280	2522280	這個案子
2522280	2523280	這個案子
2523280	2524280	不要這樣
2524280	2525280	不要
2525280	2526280	不要
2526280	2527280	沒有不然
2527280	2528280	如果
2528280	2529280	他應該要
2529280	2531280	他不會走出
2531280	2533280	他應該不會走出
2535280	2536280	可是寶座
2536280	2537280	比如說
2537280	2539280	我們在那邊
2539280	2540280	買一些
2540280	2541280	但是你沒有
2541280	2542280	去那邊
2542280	2543280	你們家都會去那裡
2543280	2544280	對
2544280	2545280	那你去找出
2545280	2546280	那你跟別人
2546280	2547280	是不是你死的
2547280	2548280	狀況之下
2548280	2549280	跟全狀案
2549280	2550280	那你如果說
2550280	2551280	像你是
2551280	2552280	一開始
2552280	2553280	要要買的
2553280	2554280	就走電腦的東西
2554280	2555280	但是不是都
2555280	2556280	跟狀況之爭取
2556280	2557280	對啊
2557280	2558280	對啊
2559280	2560280	他喜歡
2560280	2561280	他說你不要
2561280	2562280	把他說
2562280	2563280	所以假設
2563280	2564280	我們機構組
2564280	2565280	要做一些
2565280	2566280	機構實驗
2566280	2567280	雖然我用
2567280	2568280	這個
2568280	2569280	體驗的東西
2569280	2570280	讓這個號產
2570280	2571280	是
2571280	2572280	狀態的話
2572280	2573280	我要另外開一個
2573280	2574280	機構組的實驗的
2574280	2575280	這個
2575280	2576280	效果
2576280	2577280	沒有啊
2577280	2578280	這個狀態就是
2578280	2579280	屬於AI實驗室
2579280	2580280	公司
2580280	2581280	對
2581280	2583280	對
2583280	2584280	有啊
2584280	2585280	有啊
2585280	2586280	有啊
2586280	2587280	有啊
2587280	2588280	有啊
2591280	2593280	總共生氣
2593280	2594280	這個
2594280	2595280	跟他講
2595280	2596280	你說的是電池
2596280	2597280	你那時候是
2597280	2598280	因為把他
2598280	2599280	電話平台來的
2599280	2600280	其實
2600280	2601280	你那時候
2601280	2603280	可以跟寶庫一起
2603280	2604280	那時候
2604280	2605280	為什麼
2605280	2606280	會分開是
2606280	2607280	因為那時候
2607280	2608280	不然
2608280	2609280	每一種
2609280	2610280	是
2610280	2611280	要求
2611280	2612280	對
2612280	2613280	他求誰
2613280	2614280	用電池
2614280	2616280	才分開
2616280	2617280	不然
2617280	2618280	其實是
2618280	2619280	平台可以
2619280	2620280	搞得起床
2620280	2621280	然後
2621280	2622280	所以
2622280	2623280	你用電池啊
2623280	2624280	對
2624280	2625280	你們知道
2625280	2626280	那時候
2626280	2627280	你用電池啊
2627280	2628280	對
2628280	2629280	你用電池啊
2629280	2630280	對
2630280	2631280	你用電池啊
2631280	2632280	對
2632280	2634280	你用電池啊
2634280	2635280	你拍一次
2635280	2636280	那有
2636280	2637280	那有
2637280	2639280	那就是
2639280	2640280	有被釣梢
2640280	2641280	你這個
2641280	2642280	那是哪裡
2642280	2643280	用生氣池
2643280	2644280	然後
2644280	2645280	對
2645280	2646280	那時候
2646280	2647280	你拍
2647280	2648280	那時候
2648280	2649280	你拍
2649280	2651280	那時候
2651280	2652280	你拍
2652280	2653280	我們是
2653280	2654280	在你
2654280	2655280	你拍
2655280	2656280	你拍
2656280	2658280	你拍
2658280	2659280	你拍
2659280	2660280	你拍
2660280	2661280	你拍
2661280	2663280	我在
2663280	2664280	你拍
2664280	2665280	你拍
2665280	2666280	你拍
2666280	2667280	你拍
2667280	2668660	你拍
2668660	2672280	你拍
2672280	2674280	你拍
2674280	2676280	你拍
2676280	2677280	你拍
2677280	2678280	你是
2678280	2679280	我拍
2679280	2680280	你是
2680280	2681280	我拍
2681280	2682280	你就走
2682280	2683280	你拍
2683280	2684000	你拍
2684000	2684160	你拍
2685840	2686600	你在
2686600	2687240	你拍
2687240	2689480	你拍
2689480	2690400	你拍
2720400	2730400	他在那邊的那個電子是在哪裏?
2730400	2732400	Lock it in the yard
2732400	2734400	總身是哪的?
2734400	2740400	對,如果你是說是那個就是誰用誰用誰用等等
2740400	2742400	就是要怎麼寫啊
2742400	2744400	他有一個
2744400	2746400	他在那邊可以寫嗎?
2746400	2748400	他在那邊可以寫嗎?
2748400	2750400	寫說是誰用不要?
2750400	2752400	他用得比較像
2752400	2754400	他有寫字
2754400	2756400	要
2756400	2758400	我可以寫到去就有自己
2758400	2764400	但是當日如果要三個人生起的話
2764400	2766400	就一直聽就好
2766400	2768400	對啊,他二話下來唱
2768400	2770400	我會唱
2770400	2772400	他最點心
2772400	2774400	他根本不連生酒
2774400	2776400	最緊急
2776400	2779400	沒有啦,多連生酒的身體
2779400	2781400	他會比較緊張嗎?
2781400	2783400	對,譬如說他四顆
2783400	2785400	他四顆,四顆,四顆
2785400	2786400	四顆,四顆,四顆
2786400	2788400	四顆,四顆,四顆
2788400	2791400	好,然後再寫寫歌歌寫寫
2791400	2792400	寫寫歌歌寫寫
2792400	2794400	寫寫歌歌寫寫
2794400	2795400	寫寫寫寫
2795400	2796400	寫寫寫
2796400	2797400	寫寫寫寫
2797400	2798400	寫寫寫寫
2798400	2799400	寫寫寫
2800400	2801400	寫寫寫寫
2807400	2810400	寫寫寫寫寫寫寫寫寫
2810400	2811400	寫寫寫寫寫寫
2811400	2814400	寫寫寫寫寫寫
2814400	2815400	寫寫寫寫寫寫寫
2815400	2818400	寫寫寫寫寫寫寫
2818400	2819400	寫寫寫寫寫寫
2819400	2820400	寫寫寫寫
2820400	2822400	寫寫寫寫
2822400	2823400	寫寫寫寫
2823400	2826400	寫寫寫寫寫
2826400	2828400	寫寫寫寫寫
2828400	2831400	他就要問指教
2831400	2833400	我這邊要指教好
2833400	2835400	然後他會問
2835400	2837400	我覺得他要指教好
2837400	2838400	我覺得他要指教好
2838400	2840400	對 就是覺得他等你
2840400	2842400	他會問指教
2846400	2848400	他會問指教
2848400	2850400	他會問指教
2850400	2852400	他會問指教
2852400	2854400	他會問指教
2854400	2856400	他會問指教
2856400	2858400	他會問指教
2858400	2860400	他會問指教
2860400	2861400	他會問指教
2861400	2862400	他會問指教
2862400	2865400	他會問指教
2865400	2867400	他會問指教
2867400	2869400	他會問指教
2869400	2871400	然後就是為你做的調語
2871400	2873400	自己講
2873400	2875400	大家是英文嗎
2875400	2878400	現在要提一下
2878400	2881400	這是教語
2881400	2891400	特修,特修,然後補修,展覽,然後家裡照顧家
2891400	2893400	還有人家那種商區
2893400	2895400	對,人家那種商區
2895400	2897400	我來,開始在一起
2897400	2900400	經常覺得,去起來,開始
2900400	2906400	就是你的代理,就是你去家死要,就是代體
2906400	2908400	沒辦法,我沒有代理
2908400	2910400	沒關係,我沒有代理
2910400	2911400	他自己
2911400	2912400	然後他自己
2912400	2914400	對,然後這個是
2914400	2915400	什麼原因
2915400	2917400	然後你去家死
2917400	2919400	就是在時候
2919400	2923400	到時候
2923400	2925400	這樣
2925400	2927400	然後這邊是你的
2927400	2928400	就是
2928400	2932400	主要,主要是去家的家裡的事
2932400	2934400	對,到時候你們進來的時候
2934400	2936400	這邊都是
2936400	2939400	都是家的,就是讓你測試用
2939400	2941400	到時候,這次上面時候會給你們
2941400	2942400	這確的
2942400	2944400	那個時速
2945400	2947400	那個,居家
2947400	2948400	有居家
2948400	2951400	居家在裡面,他們就是在這裡生起居家
2951400	2952400	對
2952400	2955400	要復古結婚吧
2955400	2956400	那個,在這邊
2956400	2957400	不見面
2957400	2958400	對
2958400	2960400	那什麼,告訴他們
2960400	2962400	告訴他們,有到到家
2962400	2964400	因為他們要生起居家
2964400	2966400	我在那邊
2966400	2968400	所以
2968400	2969400	所以
2969400	2970400	你們從哪裡
2970400	2971400	知道知道知道
2971400	2972400	對,他
2972400	2973400	過的
2973400	2974400	結婚在家
2974400	2975400	好到
2975400	2976400	什麼結婚
2976400	2978400	買一款同意的結婚
2978400	2979400	對,然後
2979400	2981400	就沒在上面看到
2981400	2982400	好不好
2982400	2983400	好,好,好,好
2983400	2984400	好,好,好,好
2984400	2986400	好,好,好
2986400	2987400	好,好
2989400	2991400	這要翻給中平
2991400	2993400	對,會怎樣
2994400	2995400	好
2995400	2996400	好,你們知道居家
2996400	2998400	要這些
2998400	2999400	我可以
2999400	3000400	我在那邊
3000400	3001400	好,好
3001400	3002400	買一款
3002400	3003400	好,好
3003400	3004400	好,好,提到
3004400	3005400	好
3005400	3006400	平平是如果沒有
3006400	3007400	這件資料的話
3007400	3008400	就適合他不過
3008400	3009400	你適合的時候
3009400	3010400	會看到他
3010400	3011400	他會這樣
3011400	3012400	沒有
3012400	3013400	就這樣
3013400	3014400	他以為
3014400	3016400	他以為
3016400	3017400	他以為
3017400	3018400	他以為
3018400	3019400	他以為
3019400	3020400	他以為
3020400	3021400	他以為
3021400	3022400	對
3023400	3024400	白天
3025400	3026400	顏色
3026400	3028400	顏色
3028400	3029400	顏色
3029400	3031400	顏色
3031400	3032400	顏色
3032400	3034400	顏色
3034400	3036400	顏色
3036400	3038400	顏色
3038400	3040400	顏色
3040400	3041400	顏色
3041400	3042400	顏色
3042400	3043400	顏色
3044400	3046400	顏色
3046400	3048400	顏色
3048400	3050400	顏色
3050400	3051400	顏色
3051400	3052200	顏色
3052200	3054800	可是你每天也會有意圖嗎?
3054800	3055800	剛剛那邊聊不住
3055800	3057400	但是那個意思是少不見
3057400	3058640	兩個是少不見
3058640	3060640	預計當那個題目好平息
3060640	3062880	但是就變成太陽氣息度
3062880	3064880	那你現在不見了嗎?
3064880	3066680	然後參加了比較多
3066680	3068080	然後他就不見了
3068080	3069080	其實他不見了
3069080	3070880	他不見了或說是
3070880	3072160	假設說他幾家
3072160	3074400	他要墜加一個月
3074400	3076400	所以他就是每天上去生死的墜加
3076400	3078080	然後他就不見了
3078080	3078680	OK
3078680	3082000	你說墜加的時候要怎麼辦?
3082000	3083560	墜加怎麼打他?
3083560	3084720	他就遠了
3084720	3086960	他現在沒有人想要墜加
3086960	3089400	我申請墜加的這個價格
3089400	3091600	我還要打他嗎?
3091600	3093040	就要打他嗎?
3093040	3094000	就打他那我墜加
3094000	3096200	我剛說起表的時候怎麼辦?
3096200	3097800	沒有打他提供
3097800	3099640	好,不能寫墜加一個
3099640	3103840	欸,你看就也算是倒了
3103840	3107040	其實算是不能寫墜加
3107040	3109040	欸,我們提供公司來講的話
3109040	3111560	是沒有這一件事
3111560	3115800	所以我的情趣幾乎如果沒有時間應對
3115800	3116800	好啊
3116800	3117720	那你知道嗎?
3117720	3119400	沒辦法知道啊
3119400	3120720	因為每個人才是有話
3120720	3124120	我們不確認起來
3124120	3126920	你說打他的這一塊
3126920	3128000	那不但你
3128000	3130360	你覺得我們墜加墜墜嗎?
3130360	3132200	還是他正選墜加
3132200	3134760	然後就是要打上時間
3134760	3136280	墜墜嗎?
3136280	3137240	就變成他墜加
3137240	3139240	所以你得說他有錢貨
3139240	3140640	難道他會有錢貨?
3140640	3142240	他有錢貨就有錢貨
3142240	3145080	所以我都說
3145080	3146120	人都打他
3146120	3147680	就有錢貨
3147680	3149680	那怎麼屬於墜墜會發揮?
3149680	3150680	對啊
3150680	3152040	所以應該是
3152040	3154280	長長是都自動長長
3154280	3156400	那以後應該是
3156400	3159360	以後應該是去升級墜加的價
3159360	3162600	然後信用墜墜加上時間
3162600	3166160	那就不用打上下來躺這樣子
3166160	3168680	對,但是我們現在就是信用部分的話
3168720	3170160	都是在設計算
3170160	3171840	等到墜墜上線的話
3171840	3173680	他就是這麼做
3173680	3175720	現在是讓人做成實
3175720	3176680	他有更來講
3176680	3178680	他在當當上他的狀態
3178680	3180360	是在去年什麼時候?
3180360	3181600	你說前內狀態?
3181600	3183000	我也去前
3183000	3184680	那一輪沒有我的狀態
3184680	3185800	不能去前
3185800	3187600	就是變成說不用秀狀態出來
3187600	3188680	再一次有一點
3188680	3189520	對
3189520	3190200	就變成這樣
3190200	3193000	他在系統可以秀上這個狀態
3193000	3193640	沒有問題
3193640	3194880	但是會出一色的
3194880	3196880	他不需要成這種態
3196880	3198040	很長
3198080	3199080	他算是正常
3199080	3199880	有問題的
3199880	3201640	對,就是這樣
3201640	3202640	有問題的話
3202640	3204960	如果有一定的方向秀啥的話
3204960	3206360	他要多一點就很長
3206360	3207320	他看不起我
3207320	3209560	他來帶大家進入他看不起我
3209560	3210760	很久不是在那邊
3210760	3212760	他出這裡是有的
3212760	3213760	他看不起我
3213760	3215040	他會跟當天
3215040	3217200	我們說現在的公司是很重要的
3217200	3218600	有時候上天帶大家進入
3218600	3219480	這麼寫實在的
3219480	3220760	對我來控制中國的人
3220760	3221800	你不夠長
3221800	3222800	不會
3222800	3223200	不會
3223200	3224000	然後你不夠長
3224000	3225040	他不會長
3225040	3226040	他不會長
3227040	3227840	他會長的
3227840	3228440	對啊
3228440	3229200	他會長的
3229200	3229880	他算是會
3229880	3230600	可是沒有
3230600	3231600	然後公司會怎麼拉
3231600	3233280	你們是做這個操場
3233280	3233800	因為有
3233800	3234640	他會長的
3234640	3237040	我們有被檢取才會吧
3237040	3238080	應該是有人
3238080	3238680	我記得
3238680	3239680	是證據
3239680	3239880	我
3239880	3241040	他不會是證據
3241040	3242080	他會長的
3242080	3243320	他會長的
3243320	3244080	他會長的
3244080	3245040	他會長的
3245040	3246040	來一點
3246040	3247040	他會長的
3247040	3248040	可是他會長的
3248040	3248720	所以操場
3248720	3250680	你們上來做瘋的
3250680	3251880	他在操場上
3251880	3253040	你有沒有
3253040	3254200	那個
3255200	3256000	人家人說
3256000	3256200	會長的
3256200	3257200	他會長的
3257200	3258200	他會長的
3258200	3258800	就是你有沒有
3258800	3260200	正常在那邊進行
3260200	3261200	你的人類
3261200	3261800	你有沒有
3261800	3263000	你有沒有
3263000	3264000	上當的打擾
3264000	3264600	或是你
3264600	3265400	你有沒有
3265400	3266600	何外的
3266600	3268200	偷看他們家的紀錄
3268200	3268800	是假的
3268800	3269800	怎麼知道
3269800	3270800	但是我是就
3270800	3271800	不會當天
3271800	3272600	我只知道
3272600	3273400	我只知道
3273400	3274400	我只知道
3274400	3275600	我只知道
3275600	3276600	他不會
3276600	3277000	我會
3277000	3277600	偷看要查
3277600	3278400	是查那個
3278400	3279400	也說的出品階級
3279400	3280400	不會查說
3280400	3281200	不是
3281200	3282000	他
3282000	3283400	你就是兼聚的內容
3283400	3284400	你一直要死的
3284400	3285400	你就是
3285400	3286400	怎麼會知道
3286400	3287400	因為你要做協議
3287400	3288400	你要要做協調
3288400	3289400	要協調
3289400	3290400	要協調解
3290400	3291400	要協調解
3291400	3292400	如果沒有做協調
3292400	3293400	你自己大了
3293400	3294400	沒有
3294400	3295400	他要有協調
3295400	3296400	他要協調解
3296400	3297400	他要協調解
3297400	3298400	他要協調解
3298400	3299400	所以他不知道
3299400	3300400	他要協調解
3300400	3301400	因為老姐
3301400	3302400	他要協調解
3302400	3303400	老姐的話
3303400	3304400	老姐的話是舒服的
3304400	3305400	你看
3305400	3306400	老明姐找他話是說的
3306400	3307400	我沒有遇到
3307400	3308400	他看的時候
3308400	3309400	我都看到
3309400	3310400	遇到的是
3310400	3311400	解決那一個
3311400	3312400	他是
3312400	3313400	他應該不想說
3313400	3314400	你這個人這樣子
3314400	3315400	其他的就是
3315400	3316400	也這樣子
3316400	3317400	對
3317400	3318400	他被解答說
3318400	3319400	但你只要是說
3319400	3320400	你們這間公司
3320400	3321400	都是這樣子的狀況
3321400	3322400	他會
3322400	3323400	會聽得
3323400	3325400	查到所有人的狀況
3325400	3326400	去掉進
3326400	3327400	出來說
3327400	3328400	這是其他的
3328400	3329400	你這麼做
3329400	3330400	我遇到
3330400	3331400	四個月到那裡
3331400	3332400	不是
3332400	3333400	我遇到
3333400	3334400	我講我的名字
3334400	3335400	因為我遇到你
3335400	3336400	這是不是
3336400	3337400	我這樣
3337400	3338400	我相信
3338400	3339400	老老姐
3339400	3340400	不是
3340400	3340900	這真好吃
3340900	3341900	不行
3341900	3342520	你們看
3342520	3343520	那我們都準備好了
3343520	3344400	你就說我
3344400	3345400	不小心礙到了
3345400	3346400	那你嗎
3346400	3347720	那你
3347720	3349280	換句話
3349280	3350920	你覺得我 Catalunya
3350920	3352020	穆斯
3353020	3354400	穆斯
3354400	3354980	穆斯
3354980	3355800	穆斯
3355800	3356760	穆斯
3356760	3357360	穆斯
3357360	3358400	穆斯
3358400	3359400	穆斯
3359400	3360800	穆斯
3360800	3361640	穆斯
3361640	3362400	穆斯
3362400	3363800	穆斯
3363800	3364960	穆斯
3364960	3365760	穆斯
3365760	3367960	穆斯
3367960	3368900	穆斯
3368900	3369400	穆斯
3369400	3369900	穆斯
3369900	3371340	你說我對你嗎
3371340	3372440	就是你大同學
3372440	3374100	對,這個不是這個
3374100	3375400	說是這個
3375400	3376900	不是天花
3376900	3379300	是這個點,如果要點
3379300	3380300	你就...
3380300	3381940	小華哥說這個
3381940	3382440	是哦
3382440	3383980	小華哥是你公家
3383980	3385440	這個時候是會消息
3385440	3386100	可以把你賺
3386100	3387040	還有一個
3387040	3388800	是你公
3389800	3391240	那你小華哥也是嗎
3391240	3393180	那他那個書的公主家
3393180	3394080	要講
3394080	3395380	我就是
3395980	3396580	可是...
3396580	3398480	我擦都買到你家的書的公家
3398480	3399480	也算來講
3399480	3400180	不屬
3400180	3400580	不屬
3400580	3401580	我也要擦
3401580	3402580	這個...
3402580	3404080	他算沒有所謂的價值
3404080	3405280	這個我們今天趕來
3405280	3405980	只是...
3405980	3406880	趕來這些...
3406880	3407580	用...
3407580	3409780	什麼的這是測試
3409780	3411480	那他就是這種算的公家
3411480	3412180	對啊
3412180	3413580	他沒有寫公家的
3413580	3415080	他會說自己買的
3415080	3416680	給他給他給他給他給他
3416680	3417180	不是
3417180	3418680	這個人好像有一家人
3418680	3419380	就叫...
3419380	3420980	就叫天暗沾
3420980	3421780	對
3421780	3424480	那這個價格也是可以自己買的
3424480	3425780	就是選手的
3425780	3426280	選的
3426280	3427780	你要不要用選的
3427780	3429280	要選的
3429280	3431280	啊這個也不是他們懂嗎
3431280	3432280	還公家這種
3432280	3433280	對
3433280	3434280	我覺得
3434280	3435280	你一這一把就是
3435280	3437780	其實只有公家的公家
3437780	3440580	其他人比如說你跟我說什麼
3440580	3441680	是不是很難
3441680	3442580	對啊
3442580	3442780	對啊
3442780	3444880	我為什麼每次要舉個的時候會打
3444880	3445880	我就起庇價
3445880	3447480	你還以為你還不知道什麼
3447480	3448280	你以為我
3448280	3449080	其實是那是什麼
3449080	3450280	寫的太假戲了
3450280	3451780	你們對金融寫
3451780	3453280	對有寫的想像是
3453280	3454280	對
3454280	3456280	你還不出在
3456280	3456780	不怕
3456780	3457580	不怕
3457580	3460280	有時候是
3460280	3462780	有時候是你
3462780	3463780	看得很像的
3463780	3465780	有時候是寫的
3465780	3466280	寫的很像
3466280	3467280	寫的很像
3467280	3467480	對
3467480	3468280	我也算
3468280	3469280	你還好
3469280	3470280	你還好
3470280	3471280	你還好
3471280	3472280	寫的很像
3472280	3473280	寫的很像
3473280	3474280	寫的很像
3474280	3475280	寫的很像
3475280	3476280	寫的很像
3476280	3477280	寫的很像
3477280	3478280	寫的很像
3478280	3479280	寫的很像
3479280	3480900	選擇住
3480900	3482160	在方面
3482160	3482540	還是一樣
3482540	3483460	對
3483460	3483840	就是
3483840	3484240	就是
3484240	3485380	実婭
3485380	3486340	宗家
3486340	3487180	李平
3487180	3487820	宗家
3487820	3489060	宗家
3489060	3490080	宗家
3490080	3491420	宗家
3491420	3492260	宗家
3492260	3492920	宗家
3492920	3493180	宗家
3493180	3494180	宗家
3494180	3494520	宗家
3494520	3495300	宗家
3495300	3496120	宗家
3496120	3496620	宗家
3496620	3497620	宗家
3497620	3497820	宗家
3497820	3498560	宗家
3498560	3499360	宗家
3499360	3499800	宗家
3499800	3500640	宗家
3500640	3501640	宗家
3501640	3503280	宗家
3503280	3504260	宗家
3504260	3505120	宗家
3505120	3506000	宗家
3506000	3507060	宗ans
3507060	3507820	宗家
3507820	3508640	宗ans
3508640	3509000	宗ans
3569000	3572680	沒有人有 幾個40多個
3572680	3574960	對啊 他不是說40這樣就搞得他40多
3574960	3575660	40多嗎
3575660	3576560	40多
3576560	3577440	那他買了一個
3577440	3578160	對
3578160	3579360	對
3579360	3580740	對啊 真的很好
3580740	3581440	很好
3581440	3582700	但你怎麼會說
3582700	3584180	他寫一下料理
3584180	3585440	很好
3585440	3587180	對 其實說有時候很容易
3587180	3588920	因為說像那種特殊好
3588960	3589840	嬌低家日盟
3589840	3590900	嬌低家日盟
3590900	3592920	公家 nothing
3592920	3594560	你要在小時候失敗說
3594560	3596520	那個叫做 免費寫物
3596520	3597340	的時候才知道
3597340	3598540	說不什麼這點
3598540	3600180	話要多
3600180	3600600	這是為什麼
3600740	3601340	這樣子
3601500	3603700	好 還要幫他轉
3603700	3607220	你不用
3610560	3612800	家伴的話
3612800	3613700	其實就是
3613700	3615540	張忠説
3615560	3616740	смотреть
3616740	3618020	我覺得
3618020	3620020	我以為你又給我做了
3620020	3621020	一號好運命
3621020	3622020	對
3622020	3624020	對,他這邊只拿著
3624020	3626020	好,我給你看看
3627020	3628020	好,然後
3628020	3630020	要選擇
3630020	3632020	要選擇
3632020	3634020	選那個
3634020	3635020	賞賣給你
3635020	3636020	然後哪一天
3636020	3637020	即將還會賞
3637020	3638020	對,即將是
3638020	3639020	原因
3639020	3640020	然後
3640020	3642020	可能要說來我今天發出三個時間
3643020	3644020	然後一樣
3644020	3647020	提到說送出到好一點的朋友
3647020	3649020	對,加班就只有加班
3650020	3651020	然後
3651020	3653020	會不會做就是後面的事情
3653020	3655020	那我對你他發出
3655020	3656020	原本的規則
3656020	3658020	還要接在那一張機械
3658020	3659020	講不出來
3659020	3661020	整體其實是整體還會做
3661020	3662020	這個是
3662020	3663020	那一顆
3664020	3665020	那十多人
3665020	3666020	那十多人
3666020	3667020	那十多人
3667020	3668020	那十多人
3668020	3669020	那十多人
3669020	3670020	那十多人
3670020	3672020	那十多人
3672020	3673020	那十多人
3673020	3674020	那十多人
3674020	3675020	那十多人
3675020	3676020	那十多人
3676020	3677020	那十多人
3677020	3679020	那十多人
3679020	3680020	那十多人
3680020	3681020	那十多人
3681020	3682560	那十多人
3682560	3684020	那十多人
3684020	3685020	那十多人
3685020	3686020	那十多人
3686020	3687020	那十多人
3687020	3688020	那十多人
3688020	3691020	那十多人
3691020	3692020	那十多人
3692020	3694020	那十多人
3698020	3700020	那十多人
3700020	3702020	那十多人
3702020	3704020	那十多人
3764020	3766020	這時候是失敗的
3766020	3769020	他失敗我問不好會不會是失敗
3769020	3771020	對啊
3771020	3774020	他失敗是什麼的一種怪
3774020	3777020	整個的意識是來的
3777020	3778020	不是這個
3778020	3781020	其實老實講應該是有氣
3781020	3782020	不是
3782020	3784020	因為他那邊
3784020	3787020	他那邊的流程的
3787020	3789020	問題
3794020	3796020	應該是申請的
3796020	3798020	從哪家那邊是墨城
3798020	3800020	但是一開始
3800020	3802020	其實他的希望是
3802020	3803020	勢力錢
3803020	3804020	去告訴他自己
3804020	3805020	自己
3805020	3806020	我拿教育的
3806020	3807020	我拿教育的
3807020	3809020	使用上的人組
3809020	3810020	可能實現
3810020	3812020	使用上個人的實現
3814020	3815020	我們如果是事後
3815020	3817020	然後看一部
3817020	3818020	比較高就出了
3820020	3821020	但通常
3821020	3822020	他甚至通常
3822020	3824020	通常就看
3826020	3828020	他就不過了
3828020	3830020	他就不過了
3830020	3831020	他以後我女生
3831020	3832020	我們知道他寫
3832020	3833020	我不知道
3833020	3834020	他寫得不過
3834020	3835020	他如果
3835020	3836020	他如果不過
3836020	3837020	但是在我這邊
3837020	3838020	等我
3838020	3839020	我都會寫故事說
3839020	3840020	他賣個那邊知道
3840020	3841020	對
3841020	3843020	你以後我以後
3843020	3844020	我已經是第一關
3844020	3845020	在他後
3845020	3846020	不可能說
3846020	3847020	我就是像他這樣子
3847020	3849020	都沒有看就過
3849020	3850020	懂
3852020	3854020	他做了矛盾
3855020	3856020	他很矛盾
3856020	3858020	因為全力在他
3858020	3860020	對於他做第一次審某的生氣
3860020	3862020	那你又過在他
3862020	3863020	應該是
3863020	3864020	一路的角色
3864020	3865020	因為是賣寶在做
3865020	3866020	對
3866020	3867020	你只是
3867020	3869020	收到我這個生氣
3869020	3870020	對 審某生氣
3870020	3871020	他還沒
3871020	3872020	他還沒到
3872020	3873020	他還沒到
3873020	3874020	他還沒到
3874020	3875020	他還沒到
3875020	3877020	他還沒到
3877020	3878020	他還沒到
3878020	3879020	他還沒到
3879020	3880020	他還沒到
3880020	3882020	他還沒 Tingla
3882020	3885020	我就是 你要叫余鸡
3885020	3886520	要叫余家
3886520	3887720	對
3887720	3889020	請你呱余
3889020	3890020	京蔭
3890020	3891020	打手給你
3891020	3892020	對
3892020	3893020	娟余
3893020	3894020	輸了
3894020	3895260	他
3896020	3897020	我選締了
3897020	3899020	他都從你帶韜
3899020	3901020	彈彈
3901020	3902020	所以
3902020	3903020	他可以彷彿
3903020	3904100	但是他
3904100	3906020	對
3906020	3908020	他會知道我就不醜
3908020	3909020	但是他會知道
3909020	3911020	那你們還是誰先裹不假的
3911020	3914020	他們兩個都要好好變成他們還是先講的
3914020	3915020	出來
3915020	3917020	要不然他們都要知道
3917020	3919020	我覺得他們自己也認定這個流程
3919020	3920020	所以他們都是說
3920020	3923020	你事件的時候你不知道你會講他們
3923020	3925020	不知道
3925020	3928020	你剩下的路上不住你不知道
3928020	3930020	他們都不知道
3930020	3932020	明天能做的
3932020	3933020	明天能做
3933020	3934020	明天能做
3934020	3935020	明天能做
3935020	3937020	明天能做
3937020	3938020	明天能做
3938020	3939020	控制他們
3939020	3942020	原實在的
3942020	3945020	不可以
3945020	3948020	這是要什麼
3948020	3950020	大家本來講出來了
3950020	3954020	就單加
3954020	3955020	那你應該是已經自然
3955020	3956020	那實際來講
3956020	3961020	她就會
3961020	3963020	譬如你們铁在住的話
3963020	3966020	如果你長得最快
3966020	3967820	就是你一定要出宅來的
3967820	3968660	你一定要教職
3968660	3969700	但是我今天
3969700	3970940	不玩笑
3970940	3972660	我最明白你應該只有四十點
3972660	3973540	你剛才說過嗎
3973540	3974500	大概一車四十點
3974500	3975900	大概超創機了
3975900	3977740	那我死了就不會死到死
3977740	3978940	你剛才說過那種機了
3978940	3980540	你不知叫你來講嗎
3980540	3981540	二十幾點
3981540	3982940	叫我一個例外
3982940	3985380	這個我抱歉很生氣
3985380	3986380	你看
3986380	3987340	一樣啊
3987340	3988940	就是反正你到我這裡
3988940	3989980	沒有過的話
3989980	3990980	我就會不太過
3990980	3992180	那你會不會不去我
3992180	3993020	你會不會死
3993020	3993660	一樣的這樣
3993660	3994300	不管你是誰
3994300	3994740	誰是你
3994740	3995420	你會不會死啊
3995820	3996860	要是你會
3996860	3997620	我也是誰
3997620	3998860	你會不會
3998860	4000020	你可以好好的
4000020	4001260	你可以用那樣
4001260	4002220	但是如果沒有關
4002220	4002860	不知道
4002860	4003860	就直接拿開給
4003860	4004700	要是會有這樣
4004700	4005900	但是你沒回過
4005900	4006860	你
4006860	4007500	我
4007500	4008300	你就給你
4008300	4008620	你就給我
4008620	4009260	你會不會死啊
4009260	4010260	你會不會死啊
4010260	4011860	我會不會死啊
4011860	4012460	那我
4012460	4013260	好玩笑有這樣
4013260	4014300	你會不會死啊
4014300	4015340	你會不會死啊
4015340	4016500	你會不會死啊
4016500	4017500	你會不會死啊
4017500	4018540	你不要吧
4018540	4019420	最保險的
4019420	4020700	你會不會死啊
4020700	4021740	你會不會死啊
4021740	4022540	你會不會死啊
4022540	4023740	你會不會死啊
4023740	4024740	你會不會死啊
4024780	4025940	你有受研究就覺得
4025940	4026720	有對不起
4026720	4028800	他們熟悉了
4028800	4029620	請問
4029620	4030560	好像就
4030560	4032120	他們就憔悴
4032120	4033520	就只要
4033520	4035640	如果你覺得
4035640	4037260	沒自己有效
4037260	4038840	那你有怎樣興奏
4038840	4040160	aka
4040160	4041340	董事長
4041340	4043200	政黨
4043200	4043780	你有幸運
4043780	4044460	我還不空
4044460	4045220	我就還
4045220	4046180	其實你
4046180	4047560	因為你還不知道
4047560	4048520	想進娜關
4048520	4049300	你就覺得
4049300	4050740	你也很想
4050740	4051260	誰
4051260	4051540	好
4051540	4053280	然後
4053280	4054620	事業
4054620	4056620	我那個時候有
4056620	4060620	他好像是有很蠻同說的
4060620	4061620	你到車了
4061620	4063620	那時候你現在在
4065620	4067620	他是在哪裡
4067620	4069620	因為他已經有朝鮮的事情
4069620	4071620	他好像是
4071620	4073620	他沒有辦理
4073620	4074620	是啊
4074620	4076620	他好像有
4076620	4078620	他好像有錢給我
4078620	4080620	有錢給我
4080620	4082620	可以
4082620	4084620	好像是這樣
4084620	4086620	我那個時候
4086620	4088620	我那個時候他們去的時候
4088620	4090620	然後去申請這個
4090620	4091620	假扮
4091620	4093620	然後就是一開始知道
4093620	4095620	說他們有
4095620	4096620	在跟我說
4096620	4097620	拍個電視
4097620	4098620	不是是在
4098620	4100620	拍個電視
4100620	4102620	有拍個拍一個
4102620	4104620	這件事情不然
4104620	4105620	我跟他講
4106620	4107620	我們知道
4107620	4109620	教育
4109620	4111620	好
4111620	4113620	好
4113620	4115620	假扮
4115620	4116620	這邊是
4116620	4117620	邦記打單
4117620	4119620	現在要秀過
4119620	4120620	你不秀
4120620	4121620	對
4121620	4123620	然後
4123620	4125620	超過三次的話
4125620	4126620	就會送到
4126620	4128620	那個環節的電子
4128620	4129620	要做什麼
4129620	4130620	邦記打
4130620	4131620	所以邦記打開
4131620	4132620	有三次機會
4132620	4133620	對
4133620	4134620	對
4134620	4136620	對
4136620	4137620	對
4137620	4139620	小 fabrics
4143620	4145620	小 fabrics
4145620	4146620	怎麼會全都
4146620	4147620	等一下
4147620	4148620	這邊
4148620	4150620	我跟她說
4150620	4152640	然後我的意思是
4152640	4153620	記得我文字
4153620	4154620	這是他相關的
4154620	4156640	collar
4156640	4157640	但他的後面
4157640	4158620	就沒有在那裡
4158620	4159620	知道
4159620	4160620	現在這次
4160620	4161620	就是
4161620	4162620	剛剛在那邊
4162620	4164620	完全就是
4164620	4165620	對
4165620	4167220	他不知道怎麼猜得懂
4167220	4168020	你問了我這個
4168020	4168740	我問他這個
4168740	4169460	我問
4169460	4170020	我問他
4170020	4172180	你猜他還要再因為去前
4172180	4172780	出財
4172780	4173980	對 他要再一點
4174660	4176180	但是下半也要卡
4176180	4177180	卡 三次了
4177660	4178220	那我就說
4178220	4178860	我都說
4178860	4179700	下半一刷
4179700	4180660	下半一刷
4180660	4181700	好 下半一刷
4181700	4182740	對 下半一刷
4182740	4183900	只能三次了
4183900	4185100	OK 下半一
4185100	4185620	GO
4186340	4187340	你是
4187340	4188060	你是說
4188060	4188740	上半一刷
4188740	4189500	下半三次了
4189500	4190060	你是說
4190060	4190580	上半一刷
4190580	4191740	上半一刷
4191740	4192740	上半一刷
4192740	4193740	上半一刷
4193740	4194740	上半一刷
4195140	4195860	上半一刷
4195860	4196740	上半一刷
4196740	4197860	下半一刷
4197860	4198980	下半一刷
4198980	4200020	下半一刷
4200020	4224380	你就
4284380	4285840	所以他們有申請出差
4285840	4288420	所以你不怕被我再叫三次
4288420	4291660	那你們變成你們要申請出來
4291660	4294720	他就不會算在這個三次的當下
4294720	4296420	裡面限制裡面
4296420	4299420	我來說你只要有請的出差
4299420	4300920	或者是打亂
4300920	4302160	基本上會有打他
4302160	4304600	那如果假如今天臨時出差
4304600	4307340	那後面也不會把他投掉了
4307340	4309360	如果這最最最有可能
4309360	4312640	就是他媽媽到路社裡面回來
4312640	4313440	對耶
4313440	4314840	我們那時候到路社的時候
4314840	4316920	沒有辦法打他
4316920	4319240	因為那個時機也沒有打我
4319240	4319680	對啊
4319680	4321480	我們那時候沒有打打的時間
4321480	4322280	為什麼不打打
4322280	4323080	對啊
4323080	4324680	然後我覺得到的時候
4324680	4325680	就騎走了
4325680	4327880	我怎麼打打
4327880	4329080	這是一個問題
4329080	4330520	因為現在是我們到路社
4330520	4331720	現在是我們到路社
4331720	4332200	對
4332200	4332720	對
4332720	4334480	因為現在是我們到路社
4334480	4336640	會有什麼問題
4336640	4337280	那怎麼辦
4337280	4339000	哎 你就到來
4339000	4339880	你得感
4339880	4340840	看
4340840	4342600	你覺得OK嗎
4343600	4344600	如果沒有了
4344600	4345600	會覺得
4345600	4346600	或者是說
4346600	4348600	沒有 或者是說還有一個其他老師
4348600	4349600	還是要跟我表現
4349600	4350600	到我這
4350600	4351600	這什麼
4351600	4353600	你都知道他自己知道
4353600	4355600	我們剛剛上午下午
4355600	4356600	沒有打
4356600	4357600	但你到上午
4357600	4358600	打我
4358600	4359600	然後這個這樣子
4359600	4360600	然後剛剛上午下午
4360600	4361600	然後他就不會碰在
4361600	4362600	下午的
4362600	4363600	上午裡面
4363600	4364600	對
4364600	4365600	碰到的時間
4365600	4366600	你直接往遠過來
4366600	4367600	你就是這樣
4367600	4369600	碰到的時間
4369600	4371600	我也是給關於一個省的
4371600	4372600	就是你會啊
4372600	4373600	省
4373600	4374600	因為你還知道
4374600	4375600	你覺得你第一
4375600	4376600	又說我還是可以忘記大家
4376600	4377600	對
4377600	4379600	是要有這麼多的省
4379600	4381600	就是要有同意
4381600	4382600	就是
4382600	4383600	那是到的
4383600	4384600	這邊的民主隊
4384600	4385600	對
4385600	4386600	不到
4386600	4387600	那
4387600	4388600	那
4388600	4389600	那他那一天
4389600	4390600	我那一天
4390600	4391600	你再來都要寫完
4391600	4392600	寫完
4392600	4394600	寫完
4394600	4396600	我覺得我超有不一樣的問題
4396600	4398600	他家在找
4398600	4400600	他真的對你來幫他自己
4401600	4402600	他在寫的時候
4402600	4403600	你是不是因為出差了
4403600	4404600	不是
4404600	4405600	如果
4405600	4406600	你如果讓他講
4406600	4407600	如果你是上班
4407600	4408600	一個人到時候到
4408600	4409600	這邊就需要
4409600	4410600	對
4410600	4411600	對
4411600	4412600	上班
4412600	4413600	第一次
4413600	4414600	本來
4414600	4415600	你就是要
4415600	4416600	下班
4416600	4417600	你打他
4417600	4418600	有沒關係
4418600	4419600	有沒關係
4419600	4420600	好
4420600	4421600	你教他一切
4421600	4422600	你沒有
4424600	4426600	他真的可以忘記他
4426600	4428600	當孕子
4428600	4429600	可是我也是
4429600	4430600	他在卡
4430600	4432600	要求你做生生
4432600	4433600	他在那一天
4433600	4434600	你是生
4434600	4435600	你當時生意
4435600	4436600	就在那一天
4436600	4437600	很好
4437600	4438600	那邊有系統
4438600	4439600	還是去抓
4439600	4440600	知道了
4440600	4441600	只是生生這一天
4441600	4442600	他會跳出來
4442600	4443600	他其實有
4443600	4444600	你又寫說
4444600	4445600	到時候
4445600	4446600	他可以有生
4446600	4447600	你就知道
4447600	4448600	就這樣
4448600	4449600	對
4449600	4450600	那還是可以
4450600	4451600	好
4451600	4452600	好
4452600	4453600	好
4453600	4454600	好
4454600	4455600	好
4455600	4456600	好
4456600	4457600	好
4457600	4459600	好
4459600	4460600	好
4460600	4461600	好
4461600	4462600	好
4462600	4463600	好
4463600	4464600	好
4464600	4465600	好
4465600	4466600	好
4466600	4467600	下班
4467600	4468600	好
4468600	4469600	好
4469600	4470600	好
4470600	4471600	好
4471600	4472600	好
4472600	4473600	好
4473600	4474600	好
4474600	4475600	好
4475600	4476600	好
4476600	4477600	拿出來
4477600	4478600	拿出一件事
4478600	4479600	好
4479600	4480600	好
4480600	4481600	好
4481600	4482600	好
4482600	4483600	好
4483600	4484600	好
4484600	4485600	好
4485600	4486600	前面的寫
4486600	4487600	是
4487600	4488600	對
4488600	4489600	就是
4489600	4490600	他們要
4490600	4491600	有
4491600	4492600	差異的一些
4492600	4493600	就要打出去
4493600	4494600	對
4494600	4495600	對
4495600	4496600	我們要做什麼
4496600	4497600	好
4497600	4498600	好
4498600	4499600	不錯
4499600	4500600	好
4500600	4501600	然後
4501600	4502600	打卡
4502600	4503600	這個也是
4503600	4504600	大概
4504600	4505600	大概的時間
4505600	4506600	對
4506600	4507600	然後
4507600	4508600	看去寫
4511600	4512600	然後
4512600	4513600	大概
4513600	4514600	好
4514600	4515600	這個是
4515600	4516600	做
4516600	4517600	那個可以做先
4517600	4518600	對
4518600	4519600	還可以
4519600	4520600	知道
4520600	4521600	今天我們知道
4521600	4522600	今天要吃什麼的時候可以做
4522600	4523600	對
4523600	4524600	還在時候
4524600	4525600	第一次就開始
4525600	4526600	要先把那些東西
4526600	4527600	才能
4527600	4528600	所以
4528600	4529600	所以
4529600	4530600	所以
4530600	4531600	所以
4531600	4532600	所以
4532600	4533600	所以
4533600	4534600	所以
4534600	4535600	所以
4535600	4536600	所以
4536600	4537600	所以
4537600	4538600	所以
4538600	4539600	所以
4539600	4540600	所以
4540600	4541600	所以
4541600	4542600	所以
4542600	4543600	所以
4543600	4544600	所以
4544600	4545600	所以
4545600	4546600	所以
4546600	4547600	好
4547600	4548600	好
4548600	4549600	自己快樂
4549600	4550600	好
4550600	4551600	好
4551600	4552600	然後
4552600	4553600	只剩
4553600	4555600	真的
4555600	4556600	對不起
4556600	4558600	不好意思
4558600	4559600	不好意思
4559600	4561600	只是
4561600	4563600	大約
4563600	4564600	大概
4564600	4565600	對
4565600	4566600	那
4566600	4567600	大概
4567600	4568600	我還是
4568600	4570600	大概
4570600	4571600	就是
4571600	4572600	你
4572600	4573600	你
4573600	4575600	你
4605600	4607600	你會說我會說嗎
4607600	4608600	對 會說
4608600	4610600	我上次都會被打卡我這邊
4610600	4612600	打一次會有所中的對不對
4612600	4613600	好 你說
4613600	4615600	我天理有完之後生打卡
4615600	4616600	你覺得都會對你
4616600	4618600	對 可是我手
4618600	4621600	我手卡會到我們現在的牙線
4621600	4623600	對 所以可以這樣
4623600	4625600	啊 大家可以這樣
4625600	4628600	有時候我直接去賽什麼的幹嘛
4628600	4630600	然後我 我說可以卡陣
4630600	4632600	然後我打會有卡到屁的帥
4632600	4634600	然後我這邊也是帥
4634600	4636600	六馬對面給你.現在可以打卡
4636600	4638600	說我們會讓她來成型吧
4638600	4639400	好 可以這樣成型
4639400	4641600	李克力 大家好 我們記得她突然啊
4641600	4642600	我們來生型
4642600	4643600	吸什麼
4649600	4651600	那我幫你的打嗎
4653600	4654600	為什麼你不回錄勁我是不是
4654600	4657600	對啊 你打一下
4660600	4662600	你到底是在打卡
4662600	4664980	他就是不給我填其他的單子
4665760	4667060	你可以知道在哪裡嗎
4667060	4669520	不是竊文人會教書來說你的方法還要ängen說
4670400	4672420	你已經要恙德王的
4673700	4675000	你你像fonita
4675040	4676180	你覺得他才有自己 ?
4676220	4677660	他還我不打完他
4677700	4678740	然後就忘記這裡是了
4680160	4681960	還 700 國陽還是 100 港
4682460	4683220	還要很好
4683920	4685800	同時我會笑
4688920	4691080	你怎麼不看 真的再見
4691380	4691800	你為什麼
4691800	4693320	那個仰得不遠
4693560	4695480	鑰匙
4695480	4696960	不是
4696960	4698560	還是 Elizabeth
4700360	4701200	周郎
4701200	4702720	你打麻煩
4702800	4704040	就打麻煩
4704040	4705720	應該不像格諾
4705720	4707140	是
4707620	4708400	那個馬農
4708400	4709920	怎麼回事
4711040	4711760	就是馬爪力
4714840	4715740	什麼事
4718860	4721200	你看
4721800	4723800	我從頭到尾都沒辦法
4723800	4724800	我從頭到尾都沒辦法
4724800	4725800	對哦
4725800	4727800	我從頭到尾都沒辦法
4727800	4728800	你這樣很...
4728800	4729800	那十個月後來啦
4729800	4731800	我們要來吃午餡
4731800	4732800	吃午餡
4732800	4733800	你這樣
4733800	4734800	來吃午餡
4734800	4735800	我們要來吃午餡
4735800	4736800	然後來機箱
4736800	4738800	我們打了就不管
4738800	4739800	那十個月啊
4739800	4741800	對不對
4741800	4743800	還是說一樣說這
4743800	4744800	可是那個網際上
4744800	4745800	我們這邊多一個
4745800	4746800	超難的愛吃
4746800	4748800	你少買五個
4748800	4749800	可是
4750800	4751800	不過在我體驗
4751800	4752800	其實我經過掉了
4752800	4753800	對啊
4753800	4754800	所以他才說
4754800	4755800	做一個
4755800	4756800	就是
4756800	4757800	沒有
4757800	4758800	爸
4758800	4759800	我找不到
4759800	4760800	不是我騎他
4760800	4761800	對啊
4761800	4762800	如果他今天
4762800	4763800	沒有辦法
4763800	4764800	會打車
4764800	4765800	偶像
4765800	4766800	偶像
4767800	4768800	會不會打車
4768800	4769800	那如果你
4769800	4770800	不能打車外
4770800	4772800	你又忘記打車
4772800	4773800	你又可以找上來的時候
4773800	4774800	你可以找他
4774800	4775800	不是一部的車
4775800	4776800	這時候
4776800	4777800	我本來沒看過
4777800	4779800	你會不會
4779800	4780800	一個人沒去找吃
4780800	4782800	你 Toba
4783800	4784800	一定
4784800	4785800	你就屬 GI certificates
4785800	4786720	你不能不要
4786800	4787800	方法就不可以找他
4787800	4788800	你看
4788800	4789800	他這邊
4789800	4790800	只要在公司
4790800	4791800	把這件寰帶
4791800	4792800	有看不見
4792800	4793800	大家教我他
4795800	4796800	然後
4796800	4797800	攝影沒去
4797800	4798800	在這裡
4799800	4800800	Whoa
4800800	4802800	Vivica
4802800	4804320	給你吃
4805800	4806800	攝影
4866800	4869560	我拍的解釋,也要做完
4869560	4872560	那我拿去,我拿去,我拿去,我拿去,我拿去,我拿去,我拿去,我拿去
